Date,Open,High,Low,Close,Volume
3/5/2024,"1,216.36","1,225.75","1,216.36","1,221.03",643.43K
2/5/2024,"1,212.13","1,216.36","1,206.28","1,216.36",570.36K
26/04/2024,"1,204.97","1,216.60","1,198.73","1,209.52",620.88K
25/04/2024,"1,205.61","1,208.41","1,200.21","1,204.97",569.65K
24/04/2024,"1,177.40","1,207.61","1,177.40","1,205.61",820.08K
23/04/2024,"1,190.22","1,192.80","1,169.61","1,177.40",778.31K
22/04/2024,"1,174.85","1,193.88","1,174.85","1,190.22",708.58K
19/04/2024,"1,193.01","1,193.01","1,165.99","1,174.85",1.07M
17/04/2024,"1,215.68","1,221.47","1,193.01","1,193.01",859.25K
16/04/2024,"1,216.61","1,222.45","1,191.73","1,215.68",1.36M
15/04/2024,"1,276.60","1,281.81","1,216.61","1,216.61",1.46M
12/4/2024,"1,258.20","1,278.39","1,258.20","1,276.60",944.45K
11/4/2024,"1,258.56","1,262.03","1,248.11","1,258.20",686.82K
10/4/2024,"1,262.82","1,268.72","1,258.56","1,258.56",702.28K
9/4/2024,"1,252.40","1,262.82","1,247.70","1,262.82",717.43K
8/4/2024,"1,255.11","1,258.40","1,246.87","1,250.35",876.04K
5/4/2024,"1,268.25","1,268.25","1,253.56","1,255.11",1.08M
4/4/2024,"1,271.47","1,277.62","1,265.12","1,268.25",980.91K
3/4/2024,"1,287.04","1,288.99","1,271.47","1,271.47",1.08M
2/4/2024,"1,281.52","1,287.04","1,268.48","1,287.04",1.09M
1/4/2024,"1,284.09","1,286.80","1,274.09","1,281.52",971.21K
29/03/2024,"1,290.18","1,293.04","1,282.44","1,284.09",922.55K
28/03/2024,"1,283.09","1,293.90","1,283.09","1,290.18",1.01M
27/03/2024,"1,282.21","1,286.72","1,276.95","1,283.09",919.28K
26/03/2024,"1,267.86","1,282.50","1,264.42","1,282.21",941.70K
25/03/2024,"1,281.80","1,286.84","1,264.51","1,267.86",1.24M
22/03/2024,"1,276.42","1,291.27","1,276.38","1,281.80",1.38M
21/03/2024,"1,260.08","1,276.42","1,260.08","1,276.42",1.25M
20/03/2024,"1,242.46","1,261.55","1,235.46","1,260.08",915.57K
19/03/2024,"1,246.54","1,249.75","1,238.92","1,242.46",914.65K
18/03/2024,"1,263.78","1,269.90","1,221.67","1,243.56",1.71M
15/03/2024,"1,264.26","1,271.63","1,252.36","1,263.78",1.07M
14/03/2024,"1,270.51","1,276.41","1,258.67","1,264.26",1.06M
13/03/2024,"1,245.00","1,270.51","1,245.00","1,270.51",982.23K
12/3/2024,"1,235.49","1,248.33","1,233.14","1,245.00",836.22K
11/3/2024,"1,247.35","1,254.01","1,233.49","1,235.49",975.99K
8/3/2024,"1,268.46","1,274.30","1,247.35","1,247.35",1.35M
7/3/2024,"1,262.73","1,269.88","1,260.24","1,268.46",1.02M
6/3/2024,"1,269.98","1,277.51","1,256.30","1,262.73",1.06M
5/3/2024,"1,261.41","1,269.98","1,257.81","1,269.98",1.01M
4/3/2024,"1,258.28","1,268.25","1,256.54","1,261.41",1.18M
1/3/2024,"1,256.72","1,258.76","1,247.87","1,258.28",961.93K
29/02/2024,"1,254.55","1,264.39","1,247.70","1,252.73",1.09M
28/02/2024,"1,237.46","1,254.55","1,236.32","1,254.55",970.76K
27/02/2024,"1,224.17","1,237.60","1,224.17","1,237.46",986.85K
26/02/2024,"1,212.00","1,225.21","1,210.52","1,224.17",889.75K
23/02/2024,"1,227.31","1,240.81","1,211.55","1,212.00",1.39M
22/02/2024,"1,230.04","1,232.09","1,226.15","1,227.31",840.41K
21/02/2024,"1,230.06","1,234.22","1,222.92","1,230.04",988.85K
20/02/2024,"1,224.97","1,230.47","1,222.66","1,230.06",939.95K
19/02/2024,"1,209.70","1,225.48","1,209.70","1,224.97",1.05M
16/02/2024,"1,202.50","1,210.25","1,202.50","1,209.70",822.64K
15/02/2024,"1,203.08","1,207.56","1,198.81","1,202.50",868.72K
7/2/2024,"1,188.48","1,199.52","1,188.48","1,198.53",685.66K
6/2/2024,"1,186.06","1,190.92","1,185.68","1,188.48",619.77K
5/2/2024,"1,172.55","1,188.45","1,172.55","1,186.06",874.80K
2/2/2024,"1,173.02","1,178.27","1,169.70","1,172.55",914.67K
1/2/2024,"1,164.31","1,174.50","1,162.45","1,173.02",670.25K
31/01/2024,"1,179.65","1,182.53","1,163.13","1,164.31",1.12M
30/01/2024,"1,175.69","1,179.92","1,174.13","1,179.65",620.15K
29/01/2024,"1,175.67","1,180.46","1,174.88","1,175.69",666.53K
26/01/2024,"1,170.37","1,176.76","1,170.37","1,175.67",575.22K
25/01/2024,"1,172.97","1,173.83","1,168.50","1,170.37",540.54K
24/01/2024,"1,177.50","1,180.30","1,172.00","1,172.97",733.19K
23/01/2024,"1,182.86","1,184.74","1,173.78","1,177.50",683.71K
22/01/2024,"1,181.50","1,186.96","1,175.54","1,182.86",889.76K
19/01/2024,"1,171.50","1,181.50","1,171.47","1,181.50",662.89K
18/01/2024,"1,162.53","1,169.73","1,162.53","1,169.06",596.22K
17/01/2024,"1,161.95","1,168.46","1,160.45","1,162.53",769.80K
16/01/2024,"1,154.12","1,163.12","1,147.71","1,163.12",611.40K
15/01/2024,"1,154.70","1,163.75","1,154.12","1,154.12",617.15K
12/1/2024,"1,162.22","1,162.22","1,146.75","1,154.70",1.09M
11/1/2024,"1,161.54","1,169.10","1,157.43","1,162.22",860.49K
10/1/2024,"1,158.59","1,166.10","1,155.94","1,161.54",992.76K
9/1/2024,"1,160.19","1,162.83","1,155.46","1,158.59",870.51K
8/1/2024,"1,154.68","1,162.56","1,154.68","1,160.19",905.41K
5/1/2024,"1,150.72","1,155.84","1,149.08","1,154.68",803.27K
4/1/2024,"1,145.49","1,160.08","1,144.32","1,150.72",1.18M
3/1/2024,"1,131.72","1,144.17","1,128.32","1,144.17",719.93K
2/1/2024,"1,129.93","1,139.71","1,128.69","1,131.72",842.26K
29/12/2023,"1,128.93","1,135.05","1,128.93","1,129.93",710.85K
28/12/2023,"1,121.99","1,130.58","1,120.50","1,128.93",716.93K
27/12/2023,"1,122.25","1,126.47","1,121.99","1,121.99",776.80K
26/12/2023,"1,117.66","1,123.11","1,117.66","1,122.25",644.74K
25/12/2023,"1,103.06","1,118.31","1,103.06","1,117.66",658.54K
22/12/2023,"1,102.43","1,104.65","1,099.32","1,103.06",558.03K
21/12/2023,"1,100.76","1,102.43","1,094.47","1,102.43",521.00K
20/12/2023,"1,096.30","1,102.27","1,093.38","1,100.76",598.21K
19/12/2023,"1,091.88","1,096.30","1,082.29","1,096.30",649.91K
18/12/2023,"1,102.30","1,103.74","1,091.45","1,091.88",713.16K
15/12/2023,"1,110.13","1,112.79","1,102.30","1,102.30",749.83K
14/12/2023,"1,114.20","1,120.36","1,107.86","1,110.13",681.02K
13/12/2023,"1,127.63","1,131.21","1,112.08","1,114.20",844.04K
12/12/2023,"1,125.50","1,129.77","1,123.35","1,127.63",645.62K
11/12/2023,"1,124.44","1,129.15","1,120.32","1,125.50",700.59K
8/12/2023,"1,121.49","1,127.46","1,119.43","1,124.44",819.10K
7/12/2023,"1,126.43","1,129.83","1,109.51","1,121.49",1.33M
6/12/2023,"1,115.97","1,126.43","1,115.97","1,126.43",853.96K
5/12/2023,"1,120.49","1,124.11","1,113.55","1,115.97",824.66K
4/12/2023,"1,102.16","1,123.96","1,102.16","1,120.49",1.12M
1/12/2023,"1,094.13","1,102.20","1,090.08","1,102.16",603.59K
30/11/2023,"1,101.75","1,107.45","1,094.13","1,094.13",723.48K
29/11/2023,"1,095.43","1,105.28","1,095.43","1,102.80",614.96K
28/11/2023,"1,088.06","1,095.43","1,076.45","1,095.43",681.89K
27/11/2023,"1,095.61","1,096.84","1,085.69","1,088.06",595.02K
24/11/2023,"1,088.49","1,095.61","1,073.31","1,095.61",958.34K
23/11/2023,"1,113.82","1,118.54","1,088.49","1,088.49",1.03M
22/11/2023,"1,110.46","1,115.47","1,103.26","1,113.82",946.28K
21/11/2023,"1,103.66","1,112.77","1,103.66","1,110.46",712.61K
20/11/2023,"1,101.19","1,111.26","1,085.32","1,103.66",841.47K
17/11/2023,"1,125.53","1,129.84","1,096.16","1,101.19",1.26M
16/11/2023,"1,122.50","1,125.53","1,114.97","1,125.53",687.40K
15/11/2023,"1,109.73","1,132.75","1,109.73","1,122.50",937.96K
14/11/2023,"1,100.07","1,115.60","1,100.07","1,109.73",822.20K
13/11/2023,"1,103.66","1,107.91","1,093.19","1,100.07",789.44K
10/11/2023,"1,113.89","1,116.02","1,101.23","1,101.68",1.03M
9/11/2023,"1,113.43","1,124.78","1,112.13","1,113.89",1.05M
8/11/2023,"1,080.29","1,113.43","1,075.80","1,113.43",952.58K
7/11/2023,"1,089.66","1,089.89","1,079.42","1,080.29",634.51K
6/11/2023,"1,076.78","1,089.66","1,076.78","1,089.66",692.79K
3/11/2023,"1,075.47","1,082.23","1,071.11","1,076.78",756.48K
2/11/2023,"1,039.66","1,075.47","1,039.66","1,075.47",772.12K
1/11/2023,"1,028.19","1,039.66","1,020.01","1,039.66",679.89K
31/10/2023,"1,042.40","1,046.17","1,025.03","1,028.19",755.54K
30/10/2023,"1,054.03","1,060.39","1,042.40","1,042.40",533.36K
27/10/2023,"1,055.45","1,061.87","1,037.46","1,060.62",692.23K
26/10/2023,"1,101.66","1,101.66","1,049.71","1,055.45",1.18M
25/10/2023,"1,105.90","1,111.39","1,100.64","1,101.66",539.26K
24/10/2023,"1,093.53","1,107.30","1,088.17","1,105.90",509.04K
23/10/2023,"1,108.03","1,108.03","1,086.54","1,093.53",563.10K
20/10/2023,"1,087.85","1,108.16","1,073.73","1,108.03",658.19K
19/10/2023,"1,103.40","1,104.03","1,087.85","1,087.85",649.23K
18/10/2023,"1,121.65","1,125.27","1,088.87","1,103.40",1.04M
17/10/2023,"1,145.34","1,147.89","1,121.65","1,121.65",610.50K
16/10/2023,"1,154.73","1,157.46","1,140.64","1,141.42",676.19K
13/10/2023,"1,151.61","1,155.10","1,138.99","1,154.73",621.42K
12/10/2023,"1,150.81","1,156.73","1,148.11","1,151.61",647.18K
11/10/2023,"1,143.69","1,150.81","1,138.22","1,150.81",543.05K
10/10/2023,"1,137.36","1,150.34","1,137.36","1,143.69",671.76K
9/10/2023,"1,128.54","1,137.36","1,127.03","1,137.36",602.62K
6/10/2023,"1,113.89","1,129.13","1,107.40","1,128.54",621.62K
5/10/2023,"1,128.67","1,133.12","1,113.89","1,113.89",609.01K
4/10/2023,"1,118.10","1,133.79","1,106.40","1,128.67",682.49K
3/10/2023,"1,155.25","1,155.25","1,117.28","1,118.10",991.88K
2/10/2023,"1,154.15","1,161.48","1,149.63","1,155.25",518.24K
29/09/2023,"1,152.43","1,163.88","1,152.43","1,154.15",574.81K
28/09/2023,"1,153.85","1,155.39","1,136.99","1,152.43",691.11K
27/09/2023,"1,137.96","1,153.85","1,126.36","1,153.85",860.42K
26/09/2023,"1,153.20","1,163.52","1,137.96","1,137.96",1.05M
25/09/2023,"1,193.05","1,195.62","1,153.20","1,153.20",1.09M
22/09/2023,"1,212.74","1,212.74","1,174.57","1,193.05",1.39M
21/09/2023,"1,226.11","1,227.88","1,211.65","1,212.74",963.68K
20/09/2023,"1,211.50","1,226.11","1,209.46","1,226.11",878.03K
19/09/2023,"1,211.81","1,219.57","1,199.85","1,211.50",1.00M
18/09/2023,"1,227.36","1,227.36","1,203.88","1,211.81",845.00K
15/09/2023,"1,223.81","1,233.87","1,220.27","1,227.36",917.36K
14/09/2023,"1,238.39","1,244.21","1,223.03","1,223.81",1.23M
13/09/2023,"1,245.44","1,250.61","1,232.84","1,238.39",1.26M
12/9/2023,"1,223.63","1,245.44","1,220.85","1,245.44",967.87K
11/9/2023,"1,241.48","1,251.37","1,223.33","1,223.63",1.39M
8/9/2023,"1,243.14","1,248.10","1,240.15","1,241.48",1.10M
7/9/2023,"1,245.50","1,255.11","1,240.82","1,243.14",1.13M
6/9/2023,"1,234.98","1,245.50","1,229.89","1,245.50",1.13M
5/9/2023,"1,224.05","1,236.21","1,224.05","1,234.98",1.09M
31/08/2023,"1,213.16","1,224.84","1,213.16","1,224.05",945.48K
30/08/2023,"1,206.10","1,213.52","1,203.51","1,213.16",911.99K
29/08/2023,"1,201.72","1,208.78","1,197.57","1,204.43",990.94K
28/08/2023,"1,183.37","1,202.02","1,183.37","1,201.72",882.85K
25/08/2023,"1,189.39","1,192.59","1,181.60","1,183.37",893.34K
24/08/2023,"1,172.56","1,189.99","1,171.33","1,189.39",851.54K
23/08/2023,"1,180.49","1,193.79","1,168.89","1,172.56",747.18K
22/08/2023,"1,179.76","1,184.43","1,149.13","1,180.49",1.06M
21/08/2023,"1,177.99","1,188.16","1,164.63","1,179.76",1.08M
18/08/2023,"1,233.48","1,233.48","1,177.74","1,177.99",1.70M
17/08/2023,"1,242.58","1,243.98","1,233.48","1,233.48",1.11M
16/08/2023,"1,234.05","1,243.48","1,234.05","1,243.26",930.67K
15/08/2023,"1,236.84","1,239.42","1,230.58","1,234.05",912.03K
14/08/2023,"1,232.21","1,239.61","1,229.04","1,236.84",1.11M
11/8/2023,"1,220.61","1,232.21","1,213.37","1,232.21",1.01M
10/8/2023,"1,233.99","1,238.19","1,220.61","1,220.61",1.01M
9/8/2023,"1,242.23","1,242.23","1,231.28","1,233.99",1.09M
8/8/2023,"1,241.42","1,246.22","1,239.01","1,242.23",1.19M
7/8/2023,"1,233.10","1,241.42","1,230.38","1,241.42",1.30M
4/8/2023,"1,210.95","1,228.12","1,210.95","1,225.98",1.13M
3/8/2023,"1,219.73","1,222.35","1,209.06","1,210.95",1.03M
2/8/2023,"1,217.56","1,223.04","1,213.18","1,220.43",940.81K
1/8/2023,"1,222.90","1,234.50","1,217.56","1,217.56",1.28M
31/07/2023,"1,207.67","1,224.81","1,207.67","1,222.90",1.20M
28/07/2023,"1,197.33","1,207.67","1,195.86","1,207.67",1.11M
27/07/2023,"1,200.84","1,203.69","1,191.08","1,197.33",1.16M
26/07/2023,"1,195.90","1,200.84","1,195.44","1,200.84",912.30K
25/07/2023,"1,190.72","1,199.27","1,190.72","1,195.90",1.00M
24/07/2023,"1,185.90","1,193.22","1,183.39","1,190.72",1.04M
21/07/2023,"1,172.81","1,185.90","1,172.07","1,185.90",988.09K
20/07/2023,"1,172.98","1,174.39","1,166.62","1,172.81",796.61K
19/07/2023,"1,174.09","1,178.55","1,172.98","1,172.98",896.65K
18/07/2023,"1,173.13","1,175.70","1,170.04","1,174.09",837.14K
17/07/2023,"1,171.75","1,174.89","1,168.77","1,173.13",914.62K
14/07/2023,"1,165.42","1,169.84","1,156.28","1,168.40",1.04M
13/07/2023,"1,154.20","1,165.42","1,154.20","1,165.42",806.74K
12/7/2023,"1,151.77","1,157.43","1,149.28","1,154.20",788.16K
11/7/2023,"1,149.02","1,157.01","1,149.02","1,151.77",936.91K
10/7/2023,"1,138.07","1,149.02","1,138.07","1,149.02",879.43K
7/7/2023,"1,126.22","1,138.07","1,122.94","1,138.07",798.40K
6/7/2023,"1,134.62","1,135.81","1,122.35","1,126.22",921.11K
5/7/2023,"1,132.00","1,138.67","1,132.00","1,134.62",807.03K
4/7/2023,"1,125.50","1,132.12","1,123.49","1,132.00",701.31K
3/7/2023,"1,120.18","1,128.35","1,120.18","1,125.50",558.38K
30/06/2023,"1,125.39","1,126.33","1,120.01","1,120.18",617.53K
29/06/2023,"1,139.42","1,140.43","1,125.39","1,125.39",906.89K
28/06/2023,"1,134.33","1,140.56","1,131.86","1,138.35",892.14K
27/06/2023,"1,132.03","1,136.49","1,128.82","1,134.33",722.00K
26/06/2023,"1,129.38","1,134.00","1,119.95","1,132.03",1.04M
23/06/2023,"1,125.30","1,130.61","1,122.62","1,129.38",906.63K
22/06/2023,"1,118.46","1,127.54","1,118.46","1,125.30",919.32K
21/06/2023,"1,112.73","1,118.46","1,110.65","1,118.46",875.89K
20/06/2023,"1,105.40","1,111.72","1,102.58","1,111.72",695.59K
19/06/2023,"1,115.22","1,117.23","1,104.73","1,105.40",811.31K
16/06/2023,"1,116.97","1,128.92","1,112.51","1,115.22",1.17M
15/06/2023,"1,117.42","1,120.13","1,112.11","1,116.97",716.88K
14/06/2023,"1,122.46","1,129.49","1,117.42","1,117.42",928.60K
13/06/2023,"1,116.02","1,122.46","1,116.02","1,122.46",943.54K
12/6/2023,"1,110.26","1,116.02","1,100.08","1,116.02",797.98K
9/6/2023,"1,101.32","1,107.53","1,097.23","1,107.53",902.21K
8/6/2023,"1,109.54","1,115.14","1,101.32","1,101.32",1.32M
7/6/2023,"1,108.31","1,112.28","1,104.26","1,109.54",1.00M
6/6/2023,"1,097.82","1,108.31","1,097.82","1,108.31",842.76K
5/6/2023,"1,090.84","1,103.81","1,090.84","1,097.82",948.36K
2/6/2023,"1,084.19","1,092.24","1,083.36","1,090.84",1.04M
1/6/2023,"1,075.17","1,078.39","1,071.61","1,078.39",856.81K
31/05/2023,"1,078.05","1,079.11","1,071.38","1,075.17",924.36K
30/05/2023,"1,074.98","1,079.31","1,071.01","1,078.05",922.94K
29/05/2023,"1,063.76","1,077.18","1,063.76","1,074.98",844.88K
26/05/2023,"1,064.63","1,067.28","1,063.76","1,063.76",640.72K
25/05/2023,"1,061.79","1,065.50","1,057.91","1,064.63",669.53K
24/05/2023,"1,065.85","1,069.61","1,060.60","1,061.79",794.10K
23/05/2023,"1,073.12","1,073.96","1,062.15","1,065.85",721.99K
22/05/2023,"1,067.07","1,070.64","1,065.88","1,070.64",711.11K
19/05/2023,"1,068.31","1,070.15","1,058.56","1,067.07",755.49K
18/05/2023,"1,060.44","1,073.41","1,060.44","1,068.31",649.54K
17/05/2023,"1,065.91","1,069.95","1,060.44","1,060.44",836.83K
16/05/2023,"1,065.71","1,069.27","1,063.65","1,065.91",681.38K
15/05/2023,"1,066.90","1,076.32","1,065.71","1,065.71",834.50K
12/5/2023,"1,057.12","1,066.90","1,053.97","1,066.90",725.83K
11/5/2023,"1,058.26","1,063.69","1,056.72","1,057.12",708.31K
10/5/2023,"1,055.62","1,058.67","1,053.34","1,058.26",717.42K
9/5/2023,"1,055.42","1,058.71","1,052.68","1,053.77",564.40K
8/5/2023,"1,040.31","1,053.44","1,040.31","1,053.44",655.53K
5/5/2023,"1,040.61","1,043.22","1,036.69","1,040.31",547.78K
4/5/2023,"1,049.12","1,049.12","1,038.18","1,040.61",625.81K
28/04/2023,"1,043.17","1,049.12","1,042.04","1,049.12",613.14K
27/04/2023,"1,040.80","1,044.25","1,037.62","1,039.63",511.73K
26/04/2023,"1,034.85","1,040.80","1,029.19","1,040.80",576.78K
25/04/2023,"1,045.87","1,045.87","1,032.49","1,034.85",539.59K
24/04/2023,"1,042.91","1,047.18","1,038.36","1,041.36",556.99K
21/04/2023,"1,049.25","1,050.40","1,041.26","1,042.91",553.03K
20/04/2023,"1,048.98","1,051.86","1,045.85","1,049.25",373.75K
19/04/2023,"1,055.02","1,058.14","1,047.47","1,048.98",569.68K
18/04/2023,"1,053.81","1,057.15","1,050.89","1,055.02",539.76K
17/04/2023,"1,052.89","1,054.72","1,049.11","1,053.81",453.79K
14/04/2023,"1,064.30","1,068.79","1,052.89","1,052.89",786.53K
13/04/2023,"1,069.45","1,070.96","1,062.26","1,064.30",673.04K
12/4/2023,"1,071.61","1,072.70","1,066.43","1,069.45",726.16K
11/4/2023,"1,065.35","1,070.56","1,056.90","1,069.46",697.78K
10/4/2023,"1,073.86","1,075.54","1,063.45","1,065.35",857.46K
7/4/2023,"1,070.91","1,072.94","1,063.70","1,069.71",646.00K
6/4/2023,"1,080.86","1,084.52","1,070.91","1,070.91",998.76K
5/4/2023,"1,078.45","1,080.86","1,074.10","1,080.86",793.75K
4/4/2023,"1,079.28","1,082.21","1,075.10","1,078.45",803.89K
3/4/2023,"1,064.64","1,079.28","1,064.64","1,079.28",821.31K
31/03/2023,"1,059.44","1,067.55","1,059.44","1,064.64",639.93K
30/03/2023,"1,056.33","1,066.23","1,056.33","1,059.44",633.98K
29/03/2023,"1,054.29","1,056.33","1,048.26","1,056.33",460.96K
28/03/2023,"1,052.25","1,059.83","1,051.75","1,054.29",648.10K
27/03/2023,"1,047.78","1,053.78","1,041.99","1,052.25",556.95K
24/03/2023,"1,045.10","1,052.29","1,044.02","1,046.79",579.74K
23/03/2023,"1,040.54","1,045.10","1,030.93","1,045.10",431.45K
22/03/2023,"1,032.43","1,042.84","1,032.43","1,040.54",458.78K
21/03/2023,"1,023.10","1,036.15","1,017.05","1,032.43",474.89K
20/03/2023,"1,045.14","1,045.14","1,022.71","1,023.10",567.36K
17/03/2023,"1,047.40","1,055.42","1,043.54","1,045.14",564.93K
16/03/2023,"1,062.19","1,062.19","1,043.65","1,047.40",532.93K
15/03/2023,"1,040.13","1,062.55","1,040.13","1,062.19",622.86K
14/03/2023,"1,052.80","1,052.80","1,034.72","1,040.13",621.19K
13/03/2023,"1,053.00","1,055.58","1,045.46","1,052.80",625.07K
10/3/2023,"1,055.95","1,055.95","1,046.31","1,053.00",508.59K
9/3/2023,"1,049.18","1,060.56","1,049.18","1,055.95",609.04K
8/3/2023,"1,037.84","1,049.18","1,027.80","1,049.18",510.28K
7/3/2023,"1,027.18","1,043.92","1,027.18","1,037.84",473.17K
6/3/2023,"1,024.77","1,042.43","1,024.77","1,027.18",421.90K
3/3/2023,"1,038.10","1,041.82","1,022.78","1,024.77",447.72K
2/3/2023,"1,039.00","1,043.80","1,033.07","1,037.61",373.16K
1/3/2023,"1,024.68","1,040.55","1,013.37","1,040.55",523.62K
28/02/2023,"1,021.25","1,034.36","1,018.72","1,024.68",432.96K
27/02/2023,"1,039.56","1,039.56","1,017.55","1,021.25",588.61K
24/02/2023,"1,053.66","1,053.66","1,034.66","1,039.56",430.41K
23/02/2023,"1,054.28","1,054.48","1,030.58","1,053.66",720.75K
22/02/2023,"1,082.23","1,082.23","1,054.28","1,054.28",814.01K
21/02/2023,"1,086.69","1,095.10","1,081.80","1,082.23",720.35K
20/02/2023,"1,059.74","1,088.01","1,059.56","1,086.69",682.29K
17/02/2023,"1,058.29","1,062.25","1,053.26","1,059.31",465.08K
16/02/2023,"1,048.20","1,058.29","1,047.45","1,058.29",475.80K
15/02/2023,"1,038.64","1,051.89","1,034.39","1,048.20",585.76K
14/02/2023,"1,043.70","1,046.64","1,032.76","1,038.64",395.73K
13/02/2023,"1,055.30","1,055.30","1,031.70","1,043.70",681.32K
10/2/2023,"1,064.03","1,066.28","1,054.08","1,055.30",463.94K
9/2/2023,"1,072.22","1,075.20","1,064.03","1,064.03",473.85K
8/2/2023,"1,065.84","1,079.51","1,063.50","1,072.22",569.32K
7/2/2023,"1,089.29","1,092.12","1,065.18","1,065.84",673.21K
6/2/2023,"1,077.15","1,089.29","1,067.24","1,089.29",527.01K
3/2/2023,"1,077.59","1,081.89","1,070.46","1,077.15",563.83K
2/2/2023,"1,075.97","1,083.36","1,070.81","1,077.59",634.74K
1/2/2023,"1,111.18","1,116.96","1,075.97","1,075.97",1.03M
31/01/2023,"1,102.57","1,111.18","1,088.25","1,111.18",748.42K
30/01/2023,"1,117.10","1,118.46","1,102.57","1,102.57",798.68K
27/01/2023,"1,108.08","1,124.30","1,108.08","1,117.10",604.93K
19/01/2023,"1,098.28","1,111.72","1,094.46","1,108.08",617.71K
18/01/2023,"1,088.29","1,100.39","1,088.29","1,098.28",604.20K
17/01/2023,"1,066.68","1,088.29","1,066.68","1,088.29",673.93K
16/01/2023,"1,060.17","1,067.74","1,057.87","1,066.68",520.79K
13/01/2023,"1,056.39","1,066.39","1,055.23","1,060.17",670.23K
12/1/2023,"1,055.76","1,060.97","1,050.27","1,056.39",506.47K
11/1/2023,"1,053.35","1,065.69","1,053.35","1,055.76",545.18K
10/1/2023,"1,054.21","1,057.44","1,045.75","1,053.35",546.26K
9/1/2023,"1,058.28","1,062.12","1,050.95","1,054.21",475.20K
6/1/2023,"1,055.82","1,065.58","1,047.26","1,051.44",698.50K
5/1/2023,"1,048.17","1,058.14","1,046.64","1,055.82",535.05K
4/1/2023,"1,043.90","1,052.60","1,041.56","1,046.35",647.73K
3/1/2023,"1,007.09","1,043.90","1,007.09","1,043.90",551.33K
30/12/2022,"1,009.29","1,017.99","1,007.09","1,007.09",407.14K
29/12/2022,"1,015.66","1,021.96","1,009.29","1,009.29",462.66K
28/12/2022,"1,004.57","1,020.52",998.97,"1,015.66",590.45K
27/12/2022,985.21,"1,007.88",983.67,"1,004.57",593.36K
26/12/2022,"1,020.34","1,021.89",985.21,985.21,623.49K
23/12/2022,"1,022.61","1,027.34","1,013.20","1,020.34",544.11K
22/12/2022,"1,018.88","1,033.18","1,016.54","1,022.61",714.22K
21/12/2022,"1,033.34","1,033.84","1,005.43","1,018.88",857.33K
20/12/2022,"1,038.40","1,038.74","1,010.08","1,023.13",1.08M
19/12/2022,"1,052.48","1,065.59","1,038.40","1,038.40",988.84K
16/12/2022,"1,055.32","1,064.79","1,047.16","1,052.48",881.53K
15/12/2022,"1,049.16","1,062.61","1,049.06","1,055.32",731.12K
14/12/2022,"1,047.45","1,062.18","1,046.43","1,050.43",792.04K
13/12/2022,"1,032.07","1,047.45","1,026.30","1,047.45",798.74K
12/12/2022,"1,051.81","1,065.16","1,032.07","1,032.07",909.57K
9/12/2022,"1,050.53","1,061.21","1,041.39","1,051.81",788.20K
8/12/2022,"1,041.02","1,078.09","1,041.02","1,050.53",916.99K
7/12/2022,"1,048.69","1,059.79","1,034.92","1,041.02",920.94K
6/12/2022,"1,093.67","1,093.67","1,048.69","1,048.69",1.48M
5/12/2022,"1,080.01","1,099.45","1,080.01","1,093.67",1.26M
2/12/2022,"1,036.28","1,080.01","1,030.81","1,080.01",1.09M
1/12/2022,"1,048.42","1,066.28","1,035.62","1,036.28",1.34M
30/11/2022,"1,032.16","1,048.42","1,021.54","1,048.42",1.14M
29/11/2022,"1,005.69","1,032.16",998.56,"1,032.16",1.18M
28/11/2022,971.46,"1,006.22",971.46,"1,005.69",973.79K
25/11/2022,947.71,971.46,947.71,971.46,622.50K
24/11/2022,946,950.03,934.31,947.71,543.14K
23/11/2022,952.12,958.61,942.02,946,542.12K
22/11/2022,960.65,985.28,948.52,952.12,1.05M
21/11/2022,969.33,973.19,956.77,960.65,597.72K
18/11/2022,969.26,971.77,939.73,969.33,960.58K
17/11/2022,942.9,972.88,942.9,969.26,724.46K
16/11/2022,911.9,945.42,873.78,942.9,1.05M
15/11/2022,941.04,941.04,900.17,911.9,692.34K
14/11/2022,954.53,954.53,923.53,941.04,666.06K
11/11/2022,947.24,966.7,947.24,954.53,736.49K
10/11/2022,975.97,976.31,935.78,947.24,698.76K
9/11/2022,981.65,994.79,977.93,985.59,583.06K
8/11/2022,975.19,981.86,956.97,981.65,660.72K
7/11/2022,997.15,997.15,969.61,975.19,646.85K
4/11/2022,"1,008.23","1,009.96",974.61,997.15,753.11K
3/11/2022,"1,023.19","1,023.95","1,010.65","1,019.81",442.89K
2/11/2022,"1,033.75","1,034.73","1,018.64","1,023.19",578.23K
1/11/2022,"1,027.94","1,043.53","1,027.39","1,033.75",613.98K
31/10/2022,"1,028.24","1,030.32","1,005.00","1,027.94",662.04K
28/10/2022,"1,028.01","1,044.57","1,026.53","1,027.36",654.70K
27/10/2022,993.36,"1,028.01",990.48,"1,028.01",647.72K
26/10/2022,997.7,"1,004.55",984.71,993.36,448.28K
25/10/2022,986.15,"1,011.39",962.45,997.7,751.18K
24/10/2022,"1,019.82","1,023.51",977.41,986.15,654.95K
21/10/2022,"1,058.45","1,059.09","1,013.69","1,019.82",742.10K
20/10/2022,"1,056.14","1,065.28","1,048.21","1,058.45",398.33K
19/10/2022,"1,063.66","1,065.99","1,052.29","1,060.07",400.66K
18/10/2022,"1,051.58","1,071.74","1,051.58","1,063.66",514.84K
17/10/2022,"1,061.85","1,061.85","1,033.59","1,051.58",497.42K
14/10/2022,"1,050.99","1,068.12","1,050.99","1,061.85",641.48K
13/10/2022,"1,034.81","1,050.99","1,025.04","1,050.99",477.33K
12/10/2022,"1,006.20","1,039.44","1,002.89","1,034.81",616.14K
11/10/2022,"1,042.48","1,042.48",998.64,"1,006.20",672.10K
10/10/2022,"1,035.91","1,051.02","1,012.94","1,042.48",692.98K
7/10/2022,"1,074.52","1,074.52","1,022.38","1,035.91",877.31K
6/10/2022,"1,104.26","1,106.97","1,072.57","1,074.52",545.82K
5/10/2022,"1,078.14","1,110.21","1,078.14","1,104.26",451.94K
4/10/2022,"1,086.44","1,100.42","1,069.74","1,078.14",582.82K
3/10/2022,"1,132.11","1,132.11","1,079.86","1,086.44",554.15K
30/09/2022,"1,126.07","1,135.47","1,099.44","1,132.11",729.67K
29/09/2022,"1,143.62","1,159.49","1,126.07","1,126.07",491.47K
28/09/2022,"1,166.54","1,166.54","1,142.79","1,143.62",527.70K
27/09/2022,"1,174.35","1,180.75","1,166.44","1,166.54",466.62K
26/09/2022,"1,203.28","1,203.28","1,159.12","1,174.35",757.09K
23/09/2022,"1,214.70","1,216.59","1,201.45","1,203.28",485.38K
22/09/2022,"1,210.55","1,214.70","1,196.64","1,214.70",473.56K
21/09/2022,"1,218.93","1,218.93","1,204.68","1,210.55",391.71K
20/09/2022,"1,212.08","1,218.93","1,199.71","1,218.93",473.89K
19/09/2022,"1,234.03","1,234.03","1,202.07","1,205.43",701.96K
16/09/2022,"1,245.66","1,246.17","1,230.37","1,234.03",632.37K
15/09/2022,"1,240.77","1,250.93","1,240.77","1,245.66",429.84K
14/09/2022,"1,248.40","1,248.40","1,228.51","1,240.77",607.86K
13/09/2022,"1,249.62","1,252.35","1,243.87","1,248.40",473.97K
12/9/2022,"1,248.78","1,257.80","1,248.78","1,249.62",410.19K
9/9/2022,"1,234.60","1,248.78","1,228.54","1,248.78",586.03K
8/9/2022,"1,243.17","1,251.36","1,234.60","1,234.60",599.61K
7/9/2022,"1,277.40","1,277.40","1,243.17","1,243.17",852.27K
6/9/2022,"1,279.58","1,286.92","1,277.40","1,277.40",581.46K
5/9/2022,"1,280.51","1,285.70","1,275.35","1,277.35",524.68K
31/08/2022,"1,279.39","1,285.29","1,274.99","1,280.51",499.31K
30/08/2022,"1,270.80","1,287.65","1,270.80","1,279.39",526.10K
29/08/2022,"1,282.57","1,282.57","1,249.17","1,270.80",845.90K
26/08/2022,"1,291.29","1,295.12","1,280.05","1,282.57",668.96K
25/08/2022,"1,277.16","1,289.18","1,277.16","1,288.88",623.97K
24/08/2022,"1,270.81","1,280.36","1,270.81","1,277.16",601.89K
23/08/2022,"1,260.43","1,270.81","1,253.45","1,270.81",564.72K
22/08/2022,"1,269.18","1,270.57","1,255.83","1,260.43",619.45K
19/08/2022,"1,273.66","1,280.00","1,263.45","1,269.18",607.62K
18/08/2022,"1,275.28","1,283.15","1,268.64","1,273.66",599.08K
17/08/2022,"1,274.69","1,280.61","1,271.97","1,275.28",712.25K
16/08/2022,"1,274.20","1,275.93","1,271.11","1,274.69",617.72K
15/08/2022,"1,262.33","1,274.24","1,262.33","1,274.20",634.20K
12/8/2022,"1,252.07","1,262.33","1,248.65","1,262.33",542.04K
11/8/2022,"1,256.50","1,268.03","1,245.85","1,252.07",810.55K
10/8/2022,"1,258.85","1,260.36","1,253.89","1,256.50",651.76K
9/8/2022,"1,256.75","1,263.14","1,252.84","1,258.85",721.64K
8/8/2022,"1,252.36","1,258.84","1,252.04","1,256.75",699.34K
5/8/2022,"1,250.25","1,253.75","1,245.05","1,252.74",698.64K
4/8/2022,"1,249.76","1,257.38","1,247.38","1,254.15",724.75K
3/8/2022,"1,241.62","1,250.20","1,232.41","1,249.76",789.52K
2/8/2022,"1,231.35","1,241.91","1,224.11","1,241.62",817.69K
1/8/2022,"1,206.33","1,231.35","1,206.33","1,231.35",708.71K
29/07/2022,"1,208.12","1,217.84","1,206.33","1,206.33",590.32K
28/07/2022,"1,191.04","1,214.03","1,191.04","1,208.12",668.86K
27/07/2022,"1,185.07","1,191.04","1,178.58","1,191.04",445.14K
26/07/2022,"1,188.50","1,194.15","1,184.44","1,185.07",434.80K
25/07/2022,"1,191.43","1,198.16","1,184.32","1,188.50",437.85K
22/07/2022,"1,198.47","1,202.69","1,194.76","1,194.76",477.95K
21/07/2022,"1,194.14","1,201.91","1,194.14","1,198.47",530.31K
20/07/2022,"1,178.33","1,198.63","1,178.33","1,194.14",648.00K
19/07/2022,"1,176.49","1,180.46","1,168.99","1,178.33",532.69K
18/07/2022,"1,179.25","1,184.93","1,174.70","1,176.49",523.73K
15/07/2022,"1,182.17","1,189.66","1,178.12","1,179.25",604.01K
14/07/2022,"1,173.92","1,182.17","1,170.04","1,182.17",534.74K
13/07/2022,"1,173.46","1,182.21","1,170.92","1,173.92",564.00K
12/7/2022,"1,155.29","1,174.82","1,153.55","1,174.82",525.11K
11/7/2022,"1,171.31","1,171.31","1,144.55","1,155.29",538.71K
8/7/2022,"1,166.48","1,177.18","1,164.23","1,171.31",476.37K
7/7/2022,"1,149.61","1,166.48","1,142.80","1,166.48",411.79K
6/7/2022,"1,181.29","1,181.29","1,147.63","1,149.61",556.46K
5/7/2022,"1,195.53","1,200.99","1,181.29","1,181.29",612.00K
4/7/2022,"1,206.47","1,208.96","1,192.63","1,195.53",442.82K
1/7/2022,"1,197.60","1,202.41","1,170.95","1,198.90",534.07K
30/06/2022,"1,218.09","1,220.51","1,197.60","1,197.60",510.22K
29/06/2022,"1,218.10","1,219.58","1,207.38","1,218.09",560.59K
28/06/2022,"1,202.82","1,221.74","1,198.99","1,218.10",588.39K
27/06/2022,"1,185.48","1,203.51","1,185.48","1,202.82",526.96K
24/06/2022,"1,188.88","1,196.85","1,185.48","1,185.48",478.69K
23/06/2022,"1,169.27","1,188.88","1,162.06","1,188.88",440.78K
22/06/2022,"1,172.47","1,185.86","1,162.98","1,169.27",592.48K
21/06/2022,"1,180.40","1,189.97","1,162.94","1,172.47",694.93K
20/06/2022,"1,218.37","1,221.60","1,180.40","1,180.40",669.55K
17/06/2022,"1,236.63","1,236.63","1,191.92","1,217.30",738.58K
16/06/2022,"1,213.93","1,246.32","1,213.93","1,236.63",561.69K
15/06/2022,"1,230.31","1,235.56","1,195.19","1,213.93",688.12K
14/06/2022,"1,227.04","1,239.36","1,211.13","1,230.31",560.89K
13/06/2022,"1,284.08","1,284.08","1,226.01","1,227.04",733.45K
10/6/2022,"1,307.80","1,309.59","1,284.08","1,284.08",603.29K
9/6/2022,"1,307.91","1,312.44","1,300.85","1,307.80",465.66K
8/6/2022,"1,291.35","1,316.78","1,291.35","1,307.91",584.57K
7/6/2022,"1,290.01","1,291.35","1,260.92","1,291.35",670.87K
6/6/2022,"1,287.98","1,302.14","1,281.95","1,290.01",589.89K
3/6/2022,"1,288.62","1,292.78","1,276.37","1,287.98",473.81K
2/6/2022,"1,299.52","1,302.66","1,283.32","1,288.62",572.55K
1/6/2022,"1,292.68","1,302.25","1,286.01","1,299.52",573.63K
31/05/2022,"1,293.92","1,297.64","1,280.44","1,292.68",591.09K
30/05/2022,"1,285.45","1,296.22","1,281.27","1,293.92",587.23K
27/05/2022,"1,268.57","1,286.99","1,268.57","1,285.45",607.22K
26/05/2022,"1,268.43","1,278.11","1,261.55","1,268.57",541.91K
25/05/2022,"1,233.38","1,268.43","1,233.38","1,268.43",655.24K
24/05/2022,"1,218.81","1,233.38","1,203.28","1,233.38",528.48K
23/05/2022,"1,240.71","1,246.58","1,207.99","1,218.81",557.43K
20/05/2022,"1,241.64","1,252.96","1,232.33","1,240.71",504.69K
19/05/2022,"1,240.76","1,246.66","1,210.43","1,241.64",496.73K
18/05/2022,"1,228.37","1,249.84","1,222.92","1,240.76",566.36K
17/05/2022,"1,171.95","1,228.37","1,156.54","1,228.37",583.96K
16/05/2022,"1,182.77","1,215.96","1,170.59","1,171.95",584.39K
13/05/2022,"1,238.84","1,238.84","1,180.60","1,182.77",816.99K
12/5/2022,"1,301.53","1,301.53","1,238.05","1,238.84",557.89K
11/5/2022,"1,293.56","1,305.17","1,277.91","1,301.53",418.23K
10/5/2022,"1,269.62","1,293.56","1,232.57","1,293.56",665.48K
9/5/2022,"1,329.26","1,329.26","1,265.54","1,269.62",673.76K
6/5/2022,"1,360.68","1,360.68","1,328.13","1,329.26",564.07K
5/5/2022,"1,348.68","1,362.18","1,331.41","1,360.68",531.08K
4/5/2022,"1,366.11","1,366.39","1,348.68","1,348.68",528.29K
29/04/2022,"1,350.99","1,369.31","1,343.24","1,366.80",598.40K
28/04/2022,"1,353.77","1,358.07","1,344.10","1,350.99",485.12K
27/04/2022,"1,341.34","1,355.92","1,314.81","1,353.77",519.56K
26/04/2022,"1,310.92","1,341.34","1,261.40","1,341.34",727.65K
25/04/2022,"1,379.23","1,382.13","1,298.38","1,310.92",762.88K
22/04/2022,"1,370.21","1,392.89","1,352.43","1,379.23",834.41K
21/04/2022,"1,384.72","1,392.33","1,356.58","1,370.21",810.67K
20/04/2022,"1,401.63","1,410.64","1,384.72","1,384.72",688.33K
19/04/2022,"1,432.60","1,442.04","1,406.45","1,406.45",702.35K
18/04/2022,"1,458.56","1,458.56","1,425.07","1,432.60",827.69K
15/04/2022,"1,472.12","1,478.95","1,456.39","1,458.56",659.47K
14/04/2022,"1,477.20","1,484.34","1,471.75","1,472.12",523.37K
13/04/2022,"1,455.25","1,477.20","1,448.52","1,477.20",674.79K
12/4/2022,"1,482.00","1,490.58","1,455.25","1,455.25",680.06K
8/4/2022,"1,502.35","1,507.73","1,482.00","1,482.00",763.56K
7/4/2022,"1,522.90","1,524.92","1,502.35","1,502.35",795.13K
6/4/2022,"1,520.03","1,523.75","1,507.62","1,522.90",944.04K
5/4/2022,"1,524.70","1,527.57","1,519.28","1,520.03",703.53K
4/4/2022,"1,516.44","1,530.95","1,516.44","1,524.70",779.58K
1/4/2022,"1,492.15","1,516.87","1,484.13","1,516.44",967.67K
31/03/2022,"1,490.51","1,498.41","1,488.27","1,492.15",684.54K
30/03/2022,"1,497.76","1,503.89","1,483.90","1,490.51",901.49K
29/03/2022,"1,483.18","1,498.45","1,483.18","1,497.76",737.94K
28/03/2022,"1,498.50","1,498.50","1,473.80","1,483.18",1.07M
25/03/2022,"1,500.17","1,503.29","1,494.55","1,498.50",768.94K
24/03/2022,"1,502.34","1,505.39","1,495.18","1,498.26",784.91K
23/03/2022,"1,503.78","1,513.90","1,501.67","1,502.34",861.13K
22/03/2022,"1,494.95","1,507.71","1,494.95","1,503.78",947.70K
21/03/2022,"1,474.78","1,494.95","1,474.38","1,494.95",792.16K
18/03/2022,"1,461.34","1,474.86","1,461.34","1,469.10",795.73K
17/03/2022,"1,459.33","1,467.74","1,459.14","1,461.34",717.44K
16/03/2022,"1,452.74","1,462.98","1,452.74","1,459.33",624.22K
15/03/2022,"1,446.25","1,453.07","1,437.27","1,452.74",675.63K
14/03/2022,"1,466.54","1,466.54","1,439.19","1,446.25",858.57K
11/3/2022,"1,479.08","1,480.29","1,458.88","1,466.54",878.19K
10/3/2022,"1,473.74","1,488.59","1,473.74","1,479.08",649.94K
9/3/2022,"1,473.71","1,482.86","1,462.80","1,473.74",930.30K
8/3/2022,"1,499.05","1,499.05","1,473.71","1,473.71",1.04M
7/3/2022,"1,505.33","1,505.33","1,493.87","1,499.05",981.72K
4/3/2022,"1,505.00","1,509.19","1,501.39","1,505.33",928.92K
3/3/2022,"1,485.52","1,505.00","1,485.52","1,505.00",929.21K
2/3/2022,"1,499.37","1,500.41","1,479.55","1,485.52",941.55K
1/3/2022,"1,490.13","1,501.73","1,490.13","1,498.78",842.43K
28/02/2022,"1,498.89","1,502.36","1,487.57","1,490.13",729.79K
25/02/2022,"1,494.85","1,512.05","1,494.85","1,498.89",768.01K
24/02/2022,"1,512.30","1,513.25","1,473.76","1,494.85",1.16M
23/02/2022,"1,503.47","1,520.78","1,503.47","1,512.30",694.65K
22/02/2022,"1,510.84","1,510.84","1,484.81","1,503.47",908.05K
21/02/2022,"1,504.84","1,516.63","1,500.97","1,510.84",791.92K
18/02/2022,"1,507.99","1,507.99","1,492.38","1,504.84",697.55K
17/02/2022,"1,492.10","1,507.99","1,492.10","1,507.99",615.79K
16/02/2022,"1,492.75","1,499.50","1,486.68","1,492.10",702.52K
15/02/2022,"1,471.96","1,495.56","1,470.06","1,492.75",606.42K
14/02/2022,"1,501.71","1,501.71","1,471.96","1,471.96",810.72K
11/2/2022,"1,506.79","1,508.54","1,499.06","1,501.71",636.28K
10/2/2022,"1,510.66","1,512.88","1,495.70","1,506.79",680.25K
9/2/2022,"1,500.99","1,511.72","1,499.53","1,505.38",794.74K
8/2/2022,"1,497.66","1,503.33","1,491.78","1,500.99",734.76K
7/2/2022,"1,478.96","1,505.69","1,478.96","1,497.66",578.17K
28/01/2022,"1,470.76","1,484.48","1,465.22","1,478.96",702.68K
27/01/2022,"1,481.58","1,486.39","1,464.06","1,470.76",564.60K
26/01/2022,"1,479.58","1,490.45","1,478.41","1,481.58",813.18K
25/01/2022,"1,439.71","1,479.58","1,424.36","1,479.58",751.39K
24/01/2022,"1,472.89","1,472.89","1,432.18","1,439.71",828.13K
21/01/2022,"1,465.30","1,477.23","1,463.06","1,472.89",811.35K
20/01/2022,"1,442.79","1,469.08","1,432.58","1,465.30",785.76K
19/01/2022,"1,438.94","1,449.11","1,434.46","1,442.79",637.63K
18/01/2022,"1,452.84","1,452.84","1,424.65","1,438.94",739.29K
17/01/2022,"1,496.02","1,503.86","1,452.84","1,452.84",987.10K
14/01/2022,"1,496.05","1,503.25","1,476.68","1,496.02",785.61K
13/01/2022,"1,510.51","1,522.60","1,495.13","1,496.05",995.82K
12/1/2022,"1,489.11","1,510.51","1,464.49","1,510.51",1.13M
11/1/2022,"1,503.71","1,512.05","1,488.40","1,492.31",1.25M
10/1/2022,"1,528.48","1,536.45","1,503.71","1,503.71",1.38M
7/1/2022,"1,534.10","1,534.52","1,524.96","1,528.48",1.03M
6/1/2022,"1,522.50","1,536.24","1,518.18","1,528.57",1.13M
5/1/2022,"1,525.58","1,535.82","1,522.50","1,522.50",1.06M
4/1/2022,"1,508.55","1,526.69","1,507.19","1,525.58",891.30K
31/12/2021,"1,485.97","1,499.07","1,485.97","1,498.28",875.73K
30/12/2021,"1,490.96","1,493.38","1,484.82","1,485.97",747.86K
29/12/2021,"1,494.39","1,498.91","1,485.82","1,485.82",843.88K
28/12/2021,"1,488.88","1,499.77","1,483.97","1,494.39",1.00M
27/12/2021,"1,477.03","1,490.12","1,469.91","1,488.88",752.11K
24/12/2021,"1,456.96","1,478.80","1,456.32","1,477.03",889.48K
23/12/2021,"1,477.67","1,481.21","1,447.14","1,456.96",1.36M
22/12/2021,"1,478.74","1,489.24","1,471.84","1,477.67",1.07M
21/12/2021,"1,477.33","1,486.09","1,472.43","1,478.74",902.84K
20/12/2021,"1,479.79","1,483.85","1,468.88","1,477.33",963.35K
17/12/2021,"1,476.61","1,487.73","1,476.61","1,479.79",1.11M
16/12/2021,"1,475.50","1,482.32","1,468.95","1,476.61",927.54K
15/12/2021,"1,476.02","1,481.67","1,468.21","1,475.50",906.08K
14/12/2021,"1,476.21","1,485.14","1,469.21","1,476.02",964.11K
13/12/2021,"1,463.54","1,481.70","1,463.54","1,476.21",865.58K
10/12/2021,"1,467.98","1,475.85","1,461.78","1,463.54",798.29K
9/12/2021,"1,452.87","1,467.98","1,446.88","1,467.98",665.46K
8/12/2021,"1,446.77","1,460.28","1,446.77","1,452.87",771.03K
7/12/2021,"1,413.58","1,446.77","1,413.58","1,446.77",755.91K
6/12/2021,"1,443.32","1,452.55","1,400.87","1,413.58",1.04M
3/12/2021,"1,482.05","1,491.20","1,443.32","1,443.32",1.10M
2/12/2021,"1,485.19","1,493.84","1,482.05","1,482.05",763.96K
1/12/2021,"1,478.44","1,487.68","1,471.30","1,485.19",876.73K
30/11/2021,"1,484.84","1,503.09","1,471.57","1,478.44",1.08M
29/11/2021,"1,493.03","1,493.03","1,464.83","1,484.84",1.01M
26/11/2021,"1,500.81","1,511.68","1,488.83","1,493.03",1.06M
25/11/2021,"1,488.87","1,505.36","1,488.87","1,500.81",1.01M
24/11/2021,"1,463.63","1,491.05","1,463.63","1,488.87",1.12M
23/11/2021,"1,447.25","1,463.63","1,438.41","1,463.63",880.07K
22/11/2021,"1,452.35","1,466.46","1,442.85","1,447.25",1.27M
19/11/2021,"1,469.83","1,481.53","1,434.69","1,452.35",1.52M
18/11/2021,"1,475.85","1,482.87","1,469.83","1,469.83",1.09M
17/11/2021,"1,466.45","1,477.04","1,464.78","1,475.85",860.80K
16/11/2021,"1,476.57","1,476.97","1,459.08","1,466.45",1.22M
15/11/2021,"1,473.37","1,481.96","1,466.01","1,476.57",1.17M
12/11/2021,"1,462.35","1,474.98","1,453.22","1,473.37",955.63K
11/11/2021,"1,465.02","1,472.89","1,449.18","1,462.35",1.27M
10/11/2021,"1,461.50","1,470.19","1,457.98","1,465.02",985.54K
9/11/2021,"1,467.57","1,474.20","1,457.57","1,461.50",1.03M
8/11/2021,"1,456.51","1,470.49","1,456.51","1,467.57",1.08M
5/11/2021,"1,448.34","1,459.93","1,444.51","1,456.51",874.07K
4/11/2021,"1,444.30","1,451.98","1,435.84","1,448.34",929.53K
3/11/2021,"1,452.46","1,463.63","1,440.67","1,444.30",1.51M
2/11/2021,"1,438.97","1,452.46","1,438.83","1,452.46",1.01M
1/11/2021,"1,444.27","1,451.81","1,435.57","1,438.97",1.13M
29/10/2021,"1,438.01","1,447.62","1,432.19","1,444.27",982.01K
28/10/2021,"1,423.02","1,440.64","1,420.42","1,438.01",865.43K
27/10/2021,"1,391.63","1,423.02","1,391.63","1,423.02",936.22K
26/10/2021,"1,385.40","1,393.03","1,377.56","1,391.63",747.95K
25/10/2021,"1,389.24","1,395.72","1,385.40","1,385.40",899.26K
22/10/2021,"1,384.77","1,393.70","1,384.77","1,389.24",798.13K
21/10/2021,"1,393.80","1,398.45","1,384.77","1,384.77",709.07K
20/10/2021,"1,395.33","1,401.76","1,376.15","1,393.80",845.89K
19/10/2021,"1,395.53","1,399.66","1,388.95","1,395.33",639.44K
18/10/2021,"1,392.70","1,402.63","1,390.88","1,395.53",795.92K
15/10/2021,"1,391.85","1,399.03","1,388.00","1,392.70",784.56K
14/10/2021,"1,391.91","1,398.67","1,388.89","1,391.85",725.51K
13/10/2021,"1,394.80","1,400.67","1,389.61","1,391.91",645.35K
12/10/2021,"1,394.09","1,400.78","1,389.43","1,394.80",742.81K
11/10/2021,"1,372.73","1,394.64","1,372.73","1,394.09",764.35K
8/10/2021,"1,365.99","1,373.18","1,365.93","1,372.73",632.86K
7/10/2021,"1,362.82","1,367.64","1,360.57","1,365.99",693.03K
6/10/2021,"1,354.63","1,362.82","1,354.63","1,362.82",637.00K
5/10/2021,"1,339.54","1,354.63","1,339.54","1,354.63",636.27K
4/10/2021,"1,334.89","1,347.49","1,333.53","1,339.54",736.08K
1/10/2021,"1,342.06","1,344.06","1,332.97","1,334.89",738.17K
30/09/2021,"1,339.21","1,348.89","1,339.21","1,342.06",438.29K
29/09/2021,"1,339.31","1,340.90","1,328.17","1,339.21",598.50K
28/09/2021,"1,324.99","1,341.81","1,316.41","1,339.31",623.51K
27/09/2021,"1,351.17","1,354.38","1,324.99","1,324.99",778.44K
24/09/2021,"1,352.76","1,356.97","1,348.07","1,351.17",673.10K
23/09/2021,"1,350.68","1,361.09","1,350.43","1,352.76",997.61K
22/09/2021,"1,339.84","1,350.71","1,336.63","1,350.68",779.65K
21/09/2021,"1,350.48","1,350.48","1,324.82","1,339.84",859.68K
20/09/2021,"1,352.64","1,365.92","1,349.18","1,350.48",895.46K
17/09/2021,"1,345.87","1,356.45","1,345.87","1,352.64",852.78K
16/09/2021,"1,345.83","1,353.12","1,341.23","1,345.87",599.77K
15/09/2021,"1,339.70","1,347.70","1,334.97","1,345.83",692.09K
14/09/2021,"1,341.43","1,349.13","1,336.84","1,339.70",730.45K
13/09/2021,"1,345.31","1,350.69","1,340.50","1,341.43",775.47K
10/9/2021,"1,343.98","1,350.43","1,343.98","1,345.31",598.73K
9/9/2021,"1,333.61","1,345.59","1,332.67","1,343.98",642.57K
8/9/2021,"1,341.90","1,344.49","1,328.35","1,333.61",626.08K
7/9/2021,"1,346.39","1,353.66","1,340.32","1,341.90",869.38K
6/9/2021,"1,334.65","1,348.36","1,334.65","1,346.39",944.41K
1/9/2021,"1,331.47","1,338.02","1,328.13","1,334.65",719.96K
31/08/2021,"1,328.14","1,336.14","1,325.69","1,331.47",733.83K
30/08/2021,"1,313.20","1,329.62","1,313.20","1,328.14",676.54K
27/08/2021,"1,301.12","1,313.20","1,285.16","1,313.20",685.06K
26/08/2021,"1,309.55","1,316.26","1,295.77","1,301.12",524.29K
25/08/2021,"1,298.74","1,310.16","1,291.70","1,309.55",522.87K
24/08/2021,"1,298.86","1,307.56","1,289.16","1,298.74",714.27K
23/08/2021,"1,329.43","1,329.43","1,298.86","1,298.86",795.07K
20/08/2021,"1,374.85","1,374.85","1,317.52","1,329.43",1.21M
19/08/2021,"1,360.94","1,374.85","1,352.94","1,374.85",728.17K
18/08/2021,"1,363.09","1,370.50","1,355.83","1,360.94",689.78K
17/08/2021,"1,370.96","1,379.70","1,359.11","1,363.09",768.61K
16/08/2021,"1,357.05","1,372.33","1,357.05","1,370.96",827.71K
13/08/2021,"1,353.05","1,357.41","1,336.74","1,357.05",744.15K
12/8/2021,"1,357.79","1,365.01","1,353.05","1,353.05",741.56K
11/8/2021,"1,362.43","1,374.03","1,357.79","1,357.79",806.77K
10/8/2021,"1,359.86","1,370.35","1,358.12","1,362.43",716.54K
9/8/2021,"1,341.45","1,361.12","1,334.69","1,359.86",688.43K
6/8/2021,"1,345.55","1,351.85","1,341.45","1,341.45",736.16K
5/8/2021,"1,334.74","1,346.62","1,326.80","1,345.55",635.47K
4/8/2021,"1,332.44","1,340.76","1,328.40","1,334.74",661.80K
3/8/2021,"1,314.22","1,332.44","1,314.22","1,332.44",647.01K
2/8/2021,"1,310.05","1,322.35","1,304.49","1,314.22",614.53K
30/07/2021,"1,293.60","1,311.97","1,293.60","1,310.05",644.44K
29/07/2021,"1,277.07","1,293.60","1,277.07","1,293.60",491.06K
28/07/2021,"1,276.93","1,281.17","1,271.78","1,277.07",406.89K
27/07/2021,"1,272.71","1,288.35","1,272.71","1,276.93",566.75K
26/07/2021,"1,268.83","1,277.33","1,254.57","1,272.71",508.55K
23/07/2021,"1,293.67","1,295.63","1,268.83","1,268.83",582.25K
22/07/2021,"1,270.79","1,294.16","1,266.54","1,293.67",536.41K
21/07/2021,"1,273.29","1,284.33","1,266.71","1,270.79",451.95K
20/07/2021,"1,243.51","1,273.29","1,225.52","1,273.29",568.60K
19/07/2021,"1,299.31","1,299.31","1,237.79","1,243.51",731.02K
16/07/2021,"1,293.92","1,304.37","1,293.92","1,299.31",415.12K
15/07/2021,"1,279.91","1,299.18","1,270.77","1,293.92",419.14K
14/07/2021,"1,297.54","1,305.37","1,264.68","1,279.91",547.97K
13/07/2021,"1,296.30","1,307.73","1,278.30","1,297.54",500.18K
12/7/2021,"1,347.14","1,347.14","1,270.06","1,296.30",912.74K
9/7/2021,"1,374.68","1,374.68","1,335.90","1,347.14",713.99K
8/7/2021,"1,388.55","1,388.55","1,363.92","1,374.68",528.83K
7/7/2021,"1,354.79","1,388.55","1,334.58","1,388.55",733.80K
6/7/2021,"1,411.13","1,418.99","1,354.79","1,354.79",773.51K
5/7/2021,"1,420.27","1,421.52","1,394.12","1,411.13",774.45K
2/7/2021,"1,422.89","1,424.28","1,415.82","1,420.27",706.83K
1/7/2021,"1,412.15","1,417.27","1,402.18","1,417.08",753.56K
30/06/2021,"1,410.83","1,419.61","1,408.18","1,408.55",595.29K
29/06/2021,"1,408.34","1,416.34","1,406.87","1,410.04",647.39K
28/06/2021,"1,397.96","1,406.02","1,390.56","1,405.81",699.51K
25/06/2021,"1,382.11","1,390.12","1,372.80","1,390.12",598.11K
24/06/2021,"1,376.87","1,384.71","1,372.99","1,379.72",591.75K
23/06/2021,"1,383.15","1,388.33","1,372.06","1,376.87",710.77K
22/06/2021,"1,380.84","1,385.98","1,375.00","1,379.97",746.95K
21/06/2021,"1,373.59","1,381.74","1,367.85","1,372.63",768.18K
18/06/2021,"1,366.19","1,377.77","1,363.52","1,377.77",809.47K
17/06/2021,"1,341.06","1,364.55","1,337.49","1,359.92",768.73K
16/06/2021,"1,363.85","1,370.14","1,350.73","1,356.52",769.63K
15/06/2021,"1,361.58","1,372.72","1,356.59","1,367.36",730.94K
14/06/2021,"1,352.73","1,368.53","1,352.73","1,361.72",775.73K
11/6/2021,"1,326.79","1,352.47","1,322.08","1,351.74",731.26K
10/6/2021,"1,332.90","1,336.71","1,317.49","1,323.58",723.49K
9/6/2021,"1,323.52","1,339.14","1,312.08","1,332.90",822.29K
8/6/2021,"1,355.36","1,364.48","1,318.11","1,319.88",924.51K
7/6/2021,"1,374.59","1,375.74","1,347.21","1,358.78",876.69K
4/6/2021,"1,367.06","1,374.05","1,360.42","1,374.05",943.33K
3/6/2021,"1,345.21","1,366.00","1,345.21","1,364.28",898.88K
2/6/2021,"1,337.78","1,344.98","1,330.82","1,340.78",805.24K
1/6/2021,"1,329.47","1,346.34","1,328.84","1,337.78",629.42K
31/05/2021,"1,326.65","1,328.05","1,307.56","1,328.05",737.18K
28/05/2021,"1,307.79","1,323.09","1,300.06","1,320.46",768.85K
27/05/2021,"1,318.42","1,319.67","1,299.99","1,303.57",733.00K
26/05/2021,"1,308.04","1,317.30","1,304.68","1,316.70",713.07K
25/05/2021,"1,299.19","1,308.58","1,297.23","1,308.58",679.06K
24/05/2021,"1,287.50","1,299.83","1,287.36","1,297.98",715.51K
21/05/2021,"1,272.84","1,289.03","1,268.46","1,283.93",698.93K
20/05/2021,"1,264.62","1,278.22","1,255.78","1,278.22",745.21K
19/05/2021,"1,254.78","1,262.71","1,250.58","1,262.49",694.35K
18/05/2021,"1,259.57","1,262.22","1,249.02","1,252.68",692.48K
17/05/2021,"1,272.55","1,277.83","1,258.50","1,258.70",758.29K
14/05/2021,"1,266.43","1,271.45","1,259.97","1,266.36",730.99K
13/05/2021,"1,262.98","1,273.49","1,261.99","1,261.99",711.52K
12/5/2021,"1,251.97","1,269.09","1,249.18","1,269.09",700.67K
11/5/2021,"1,265.11","1,272.55","1,256.04","1,256.04",770.09K
10/5/2021,"1,239.96","1,259.58","1,236.85","1,259.58",773.06K
7/5/2021,"1,245.48","1,250.50","1,231.92","1,241.81",783.04K
6/5/2021,"1,255.42","1,261.49","1,246.64","1,250.57",730.50K
5/5/2021,"1,244.69","1,265.93","1,244.69","1,256.43",744.43K
4/5/2021,"1,222.08","1,242.80","1,212.56","1,242.20",798.49K
29/04/2021,"1,234.91","1,239.39","1,231.25","1,239.39",647.16K
28/04/2021,"1,220.26","1,230.91","1,217.49","1,229.55",612.70K
27/04/2021,"1,213.84","1,220.96","1,204.14","1,219.75",618.17K
26/04/2021,"1,251.25","1,251.25","1,214.14","1,215.77",744.95K
23/04/2021,"1,227.18","1,248.53","1,216.15","1,248.53",716.52K
22/04/2021,"1,264.31","1,271.98","1,227.82","1,227.82",770.37K
20/04/2021,"1,267.74","1,286.32","1,261.28","1,268.28",843.60K
19/04/2021,"1,243.58","1,260.58","1,233.77","1,260.58",817.13K
16/04/2021,"1,245.06","1,254.61","1,227.14","1,238.71",986.88K
15/04/2021,"1,262.25","1,265.87","1,247.25","1,247.25",806.49K
14/04/2021,"1,240.90","1,255.87","1,233.01","1,255.87",861.96K
13/04/2021,"1,262.44","1,268.02","1,247.66","1,248.33",1.03M
12/4/2021,"1,236.79","1,252.45","1,232.35","1,252.45",890.31K
9/4/2021,"1,231.51","1,234.98","1,227.60","1,231.66",732.82K
8/4/2021,"1,242.38","1,246.40","1,232.26","1,234.89",664.51K
7/4/2021,"1,237.39","1,242.38","1,232.52","1,242.38",727.82K
6/4/2021,"1,233.37","1,244.63","1,231.14","1,239.96",694.06K
5/4/2021,"1,245.28","1,245.28","1,228.18","1,236.05",693.04K
2/4/2021,"1,225.76","1,228.29","1,221.07","1,224.45",661.89K
1/4/2021,"1,194.59","1,217.26","1,192.83","1,216.10",672.84K
31/03/2021,"1,186.36","1,196.45","1,186.36","1,191.44",703.08K
30/03/2021,"1,179.64","1,187.29","1,172.85","1,186.36",780.73K
29/03/2021,"1,169.65","1,175.77","1,165.78","1,175.68",660.95K
26/03/2021,"1,162.71","1,165.76","1,137.90","1,162.21",670.46K
25/03/2021,"1,164.41","1,170.76","1,154.44","1,163.10",690.73K
24/03/2021,"1,169.42","1,174.20","1,154.22","1,161.81",750.48K
23/03/2021,"1,190.28","1,191.47","1,177.10","1,183.45",683.72K
22/03/2021,"1,200.05","1,200.21","1,189.31","1,194.43",700.87K
19/03/2021,"1,195.47","1,199.67","1,191.96","1,194.05",680.90K
18/03/2021,"1,196.60","1,200.94","1,191.94","1,200.94",628.64K
17/03/2021,"1,178.64","1,186.09","1,176.26","1,186.09",701.09K
16/03/2021,"1,184.91","1,184.91","1,171.76","1,179.90",683.85K
15/03/2021,"1,183.89","1,186.06","1,178.80","1,184.56",676.96K
12/3/2021,"1,185.21","1,186.52","1,178.14","1,181.56",624.71K
11/3/2021,"1,170.08","1,183.73","1,170.08","1,181.73",629.10K
10/3/2021,"1,163.86","1,170.59","1,154.89","1,170.08",723.92K
9/3/2021,"1,160.96","1,166.42","1,150.94","1,161.97",641.43K
8/3/2021,"1,180.33","1,181.25","1,164.02","1,168.27",652.70K
5/3/2021,"1,164.19","1,169.56","1,155.60","1,168.69",594.84K
4/3/2021,"1,191.78","1,191.90","1,159.48","1,168.52",673.45K
3/3/2021,"1,184.73","1,189.18","1,180.25","1,186.95",631.67K
2/3/2021,"1,196.16","1,196.16","1,181.99","1,186.61",577.01K
1/3/2021,"1,176.93","1,186.82","1,174.45","1,186.17",643.38K
26/02/2021,"1,148.88","1,169.28","1,148.88","1,168.47",554.46K
25/02/2021,"1,169.97","1,169.97","1,155.74","1,165.43",510.43K
24/02/2021,"1,184.32","1,185.58","1,154.36","1,162.01",603.00K
23/02/2021,"1,174.57","1,184.32","1,168.32","1,177.64",598.27K
22/02/2021,"1,173.57","1,182.67","1,169.12","1,175.04",630.04K
19/02/2021,"1,160.65","1,178.18","1,157.60","1,173.50",578.28K
18/02/2021,"1,157.10","1,174.38","1,148.66","1,174.38",614.82K
17/02/2021,"1,127.46","1,155.78","1,127.46","1,155.78",568.03K
9/2/2021,"1,090.88","1,114.93","1,078.98","1,114.93",519.81K
8/2/2021,"1,127.06","1,127.06","1,075.10","1,083.18",696.60K
5/2/2021,"1,114.79","1,126.91","1,112.19","1,126.91",529.87K
4/2/2021,"1,112.97","1,117.88","1,098.85","1,112.19",523.41K
3/2/2021,"1,084.87","1,113.24","1,082.95","1,111.29",703.18K
2/2/2021,"1,036.95","1,075.53","1,029.36","1,075.53",602.62K
1/2/2021,"1,056.61","1,074.52","1,035.51","1,035.51",634.33K
29/01/2021,998.33,"1,076.11",998.33,"1,056.61",797.39K
28/01/2021,"1,041.71","1,052.16","1,022.77","1,023.94",767.87K
27/01/2021,"1,122.41","1,132.99","1,088.86","1,097.17",785.70K
26/01/2021,"1,164.97","1,164.97","1,121.03","1,136.12",782.27K
25/01/2021,"1,164.20","1,172.18","1,162.80","1,166.05",707.24K
22/01/2021,"1,166.77","1,175.72","1,161.43","1,166.78",758.32K
21/01/2021,"1,146.86","1,164.21","1,132.66","1,164.21",721.92K
20/01/2021,"1,136.50","1,142.48","1,098.05","1,134.68",839.30K
19/01/2021,"1,189.91","1,189.91","1,117.17","1,131.00",986.19K
18/01/2021,"1,198.79","1,200.85","1,190.33","1,191.94",747.42K
15/01/2021,"1,188.84","1,197.74","1,188.84","1,194.20",783.11K
14/01/2021,"1,189.48","1,190.50","1,178.84","1,187.40",779.34K
13/01/2021,"1,197.32","1,200.82","1,183.18","1,186.05",819.29K
12/1/2021,"1,190.38","1,192.28","1,179.24","1,192.28",719.94K
11/1/2021,"1,176.47","1,186.45","1,175.00","1,184.89",845.85K
8/1/2021,"1,164.10","1,176.33","1,160.48","1,167.69",808.31K
7/1/2021,"1,147.26","1,156.49","1,143.44","1,156.49",763.74K
6/1/2021,"1,139.12","1,152.85","1,133.70","1,143.21",790.45K
5/1/2021,"1,116.96","1,134.45","1,116.49","1,132.55",763.43K
4/1/2021,"1,113.77","1,126.43","1,113.59","1,120.47",764.04K
31/12/2020,"1,098.25","1,105.33","1,096.27","1,103.87",527.82K
30/12/2020,"1,099.78","1,108.83","1,094.91","1,097.54",676.98K
29/12/2020,"1,090.49","1,102.79","1,087.93","1,099.49",678.82K
28/12/2020,"1,094.37","1,096.11","1,083.90","1,091.33",723.88K
25/12/2020,"1,068.83","1,084.42","1,061.83","1,084.42",652.81K
24/12/2020,"1,083.83","1,084.76","1,046.89","1,067.52",757.32K
23/12/2020,"1,087.89","1,094.09","1,077.92","1,078.90",813.17K
22/12/2020,"1,081.85","1,084.23","1,077.06","1,083.45",756.11K
21/12/2020,"1,071.62","1,081.60","1,070.86","1,081.08",713.66K
18/12/2020,"1,055.75","1,068.56","1,055.75","1,067.46",623.64K
17/12/2020,"1,065.85","1,065.85","1,051.42","1,051.77",667.89K
16/12/2020,"1,058.34","1,066.99","1,057.21","1,066.99",591.57K
15/12/2020,"1,062.02","1,067.45","1,052.01","1,055.27",675.18K
14/12/2020,"1,048.97","1,064.09","1,048.97","1,064.09",583.59K
11/12/2020,"1,033.19","1,045.96","1,030.06","1,045.96",463.77K
10/12/2020,"1,041.65","1,044.10","1,030.91","1,030.91",626.45K
9/12/2020,"1,029.26","1,039.55","1,029.26","1,039.13",586.05K
8/12/2020,"1,029.98","1,032.58","1,025.63","1,029.26",527.67K
7/12/2020,"1,024.34","1,030.41","1,022.14","1,029.98",520.34K
4/12/2020,"1,019.80","1,025.17","1,018.67","1,021.49",553.59K
3/12/2020,"1,016.73","1,020.35","1,014.06","1,019.80",518.91K
2/12/2020,"1,008.77","1,015.86","1,007.91","1,014.32",684.53K
1/12/2020,988.71,"1,008.87",988.71,"1,008.87",583.31K
30/11/2020,"1,011.82","1,012.50","1,002.61","1,003.08",532.93K
27/11/2020,"1,006.68","1,010.22","1,004.00","1,010.22",446.44K
26/11/2020,999.24,"1,005.97",994.91,"1,005.97",493.56K
25/11/2020,"1,000.39","1,002.31",996.8,999.94,475.74K
24/11/2020,996.55,997.99,984.92,995.76,550.07K
23/11/2020,991.87,995.9,985.38,994.19,489.69K
20/11/2020,984.71,990,980.72,990,501.05K
19/11/2020,975.32,983.26,974.33,983.26,500.12K
18/11/2020,969.48,974.3,966.32,973.53,478.68K
17/11/2020,955.52,968.9,953.22,968.9,400.96K
16/11/2020,970.11,972.98,950.5,950.79,518.93K
13/11/2020,959.56,966.29,959.13,966.29,457.83K
12/11/2020,953.97,959.28,953.62,959.28,343.91K
11/11/2020,954.46,956.65,947.61,952.22,376.51K
10/11/2020,962.68,963.47,951.9,951.9,456.75K
9/11/2020,942.15,951.99,942.15,951.99,393.20K
6/11/2020,939.73,941.2,934.63,938.29,268.23K
5/11/2020,940.32,945.51,937.75,937.75,304.33K
4/11/2020,935.41,943.56,933.86,939.76,350.87K
3/11/2020,936.73,937.57,932.18,935.41,318.70K
2/11/2020,926.09,933.68,924.14,933.68,297.60K
30/10/2020,925.41,926.32,911.2,925.47,312.75K
29/10/2020,916.49,925.84,914.33,919.08,436.13K
28/10/2020,942.82,946.91,921.05,921.05,456.06K
27/10/2020,950.8,954.72,946.28,946.47,455.85K
26/10/2020,967.52,970.15,950.8,950.8,428.25K
23/10/2020,953.45,961.26,953.14,961.26,452.49K
22/10/2020,938.06,949.9,933.78,949.9,365.12K
21/10/2020,947.16,948.2,939,939.03,412.65K
20/10/2020,941,944.54,937.32,944.42,444.33K
19/10/2020,945.01,946.29,941.92,943.69,389.47K
16/10/2020,944.03,946.23,935.98,943.3,443.33K
15/10/2020,945.28,945.93,938.7,942.76,470.51K
14/10/2020,931.89,940.18,931.89,940.18,474.92K
13/10/2020,926.76,930.96,923.78,929.86,359.02K
12/10/2020,930.78,933.13,923.28,925.83,457.23K
9/10/2020,919.48,924,917.7,924,388.13K
8/10/2020,922.08,922.08,913.89,918.84,470.30K
7/10/2020,913.62,923.57,912.69,919.72,523.96K
6/10/2020,918.11,918.93,912.77,915.67,496.13K
5/10/2020,913.77,915.55,910.96,914.68,456.10K
2/10/2020,914.09,916.67,897.72,909.91,527.16K
1/10/2020,910.13,914.09,909.13,914.09,352.45K
30/09/2020,904.34,907,900.44,905.21,340.69K
29/09/2020,916.63,917.49,903.98,903.98,465.36K
28/09/2020,911.2,913.6,910.04,912.5,420.24K
25/09/2020,910.78,911.3,905.56,908.27,361.23K
24/09/2020,910.53,914.51,907.32,908.58,398.46K
23/09/2020,908.97,913.52,908.97,912.5,392.51K
22/09/2020,905.9,909.69,902.47,906.19,401.41K
21/09/2020,904.5,909.78,904.5,907.94,403.44K
18/09/2020,896.08,902.11,895.82,900.95,361.84K
17/09/2020,897.47,899.41,890.93,894.04,395.46K
16/09/2020,897.43,897.58,894.63,897.47,290.43K
15/09/2020,896.61,898.74,894.66,896.26,381.80K
14/09/2020,891.89,895.31,891.89,894.57,364.43K
11/9/2020,888.82,890.98,884.67,888.97,309.91K
10/9/2020,895.29,896.78,888.82,888.82,387.24K
9/9/2020,883.68,892.4,881.57,889.32,318.44K
8/9/2020,891.61,894.58,884.88,890.14,294.02K
7/9/2020,903.85,905.8,888.25,888.25,434.06K
4/9/2020,896.02,903.11,893.86,901.54,346.44K
3/9/2020,898.25,904.32,896.26,903.97,370.49K
1/9/2020,882.4,892.51,880.79,891.73,317.00K
31/08/2020,882.13,888.44,879.26,881.65,352.65K
28/08/2020,878.79,885.86,877.7,878.98,398.32K
27/08/2020,872.38,875.71,871.93,874.71,325.72K
26/08/2020,873.62,876.97,871.78,873.47,352.38K
25/08/2020,870.92,877.57,870.92,874.12,399.07K
24/08/2020,860.35,868.68,860.35,868.68,381.52K
21/08/2020,849.99,856.45,849.69,854.78,286.82K
20/08/2020,851.21,856.99,847.44,848.21,285.69K
19/08/2020,847.19,853.15,846.22,851.21,240.15K
18/08/2020,850.15,851.06,845,846.43,227.51K
17/08/2020,848.08,852.05,841.62,850.15,237.51K
14/08/2020,854.29,860.32,848.38,850.74,304.71K
13/08/2020,849.96,855.19,849.86,855.05,256.25K
12/8/2020,844.19,848.54,842.88,846.92,272.49K
11/8/2020,847.61,847.61,840.35,843.08,249.00K
10/8/2020,845.11,849.52,843.2,843.2,309.30K
7/8/2020,840.65,844.33,836.84,841.46,259.89K
6/8/2020,838.01,844.16,833.56,840.04,257.02K
5/8/2020,827.54,839.52,820.74,837.8,306.64K
4/8/2020,822.86,827.57,820.2,827.57,277.45K
3/8/2020,796.86,814.84,796.47,814.65,298.14K
31/07/2020,787.78,803.55,786.98,798.39,249.63K
30/07/2020,796.22,802.97,794.88,801.13,188.95K
29/07/2020,800.39,800.39,779.82,790.84,362.09K
28/07/2020,786.72,814.4,786.67,813.36,328.49K
27/07/2020,794.14,808.74,780.64,785.17,422.71K
24/07/2020,854.23,854.57,816.65,829.16,505.10K
23/07/2020,854.92,857.22,851.97,856.75,240.50K
22/07/2020,862.8,864,854.97,855.08,278.60K
21/07/2020,863.94,864.7,856.94,861.69,245.41K
20/07/2020,870.66,871.64,861.4,861.4,285.08K
17/07/2020,873.48,875.07,871.89,872.02,270.68K
16/07/2020,871.81,876.83,869.25,876.83,243.47K
15/07/2020,872.8,876.69,869.91,869.91,258.29K
14/07/2020,865.01,868.11,860.28,868.11,239.14K
13/07/2020,874.85,876.83,866.99,868.72,246.07K
10/7/2020,873.7,878.53,867.59,871.21,291.11K
9/7/2020,867.66,878.36,867.45,876.46,306.08K
8/7/2020,861.75,865.58,859.98,864.5,237.54K
7/7/2020,865.46,870.63,863.42,863.42,330.90K
6/7/2020,851.47,861.85,850.04,861.16,215.09K
3/7/2020,845.26,848.16,843.25,847.61,203.00K
2/7/2020,845.66,845.66,838.48,842.38,223.80K
1/7/2020,827.67,844.26,826.38,843.49,303.55K
30/06/2020,836.72,840.31,821.92,825.11,358.39K
29/06/2020,846.26,846.53,826,829.36,389.64K
26/06/2020,859.07,862.59,850.66,851.98,300.39K
25/06/2020,851.09,856.23,849.65,854.59,312.30K
24/06/2020,868.2,873.13,857.58,859.71,370.92K
23/06/2020,871.12,873.2,864.02,868.2,455.36K
22/06/2020,871.56,872.94,867.37,871.28,350.37K
19/06/2020,857.77,868.56,857.77,868.56,440.09K
18/06/2020,850.92,858.03,847.49,855.27,280.31K
17/06/2020,861.05,861.05,852.27,854.44,354.84K
16/06/2020,848.86,858.7,844.67,856.13,412.45K
15/06/2020,867.52,868.16,832.47,832.47,708.24K
12/6/2020,841.85,863.52,841.44,863.52,620.77K
11/6/2020,900.48,903.7,867.37,867.37,707.46K
10/6/2020,898.78,902.69,890.3,900,542.87K
9/6/2020,902.26,904.89,898.87,899.43,501.73K
8/6/2020,888.7,905.65,888.7,899.92,572.02K
5/6/2020,883.4,886.59,878.5,886.22,499.61K
4/6/2020,883.22,888.32,883.22,883.9,431.12K
3/6/2020,876.73,881.17,874.01,881.17,351.96K
2/6/2020,879.23,882.73,874.53,874.8,484.71K
1/6/2020,868.97,878.67,868.97,878.67,476.52K
29/05/2020,861.59,866.95,859.26,864.47,318.19K
28/05/2020,858.97,866.17,856.48,861.39,322.22K
27/05/2020,869.13,875.35,857.48,857.48,388.90K
26/05/2020,861.47,869.65,860.22,869.13,328.35K
25/05/2020,852.9,860.45,849.12,859.04,307.23K
22/05/2020,859.29,860.65,852.08,852.74,303.98K
21/05/2020,854.93,862.73,854.04,862.73,331.91K
20/05/2020,843.26,852.91,842.21,852.91,265.77K
19/05/2020,852.14,854.25,844.15,845.92,385.27K
18/05/2020,827.49,837.61,823.08,837.01,254.05K
15/05/2020,835.42,838.47,824.59,827.03,301.89K
14/05/2020,830.97,836.19,826.17,832.4,341.12K
13/05/2020,835.32,839.59,815.13,834.21,374.60K
12/5/2020,827.29,835.95,819.66,835.32,322.21K
11/5/2020,818.26,828.33,812.48,828.33,353.42K
8/5/2020,800.32,825.72,800.2,813.73,371.34K
7/5/2020,785.08,796.54,785.08,796.54,240.80K
6/5/2020,767.3,782.59,765.37,782.59,272.45K
5/5/2020,763.22,767.03,760.04,764.16,212.38K
4/5/2020,766.14,769.73,761.64,762.47,285.57K
29/04/2020,768.59,772.62,768.19,769.11,250.08K
28/04/2020,773.31,776.13,763.66,767.21,219.40K
27/04/2020,780.65,785.74,770.77,770.77,307.36K
24/04/2020,777.28,778.3,767.31,776.66,262.27K
23/04/2020,768.92,785.6,768.92,773.91,205.80K
22/04/2020,752.8,774.94,749.97,768.92,253.44K
21/04/2020,794.97,794.97,761.96,766.84,397.40K
20/04/2020,796.17,797.49,786.73,794.97,336.05K
17/04/2020,786.96,790.95,783.74,789.6,309.86K
16/04/2020,773.11,781.06,770.91,780.7,250.94K
15/04/2020,768.05,779.52,768.01,777.22,302.62K
14/04/2020,769.01,769.53,753.85,767.41,266.78K
13/04/2020,762.99,774.62,762.53,765.79,235.28K
10/4/2020,759.08,764.36,751.59,757.94,338.40K
9/4/2020,751.08,765.87,751.08,760.33,298.47K
8/4/2020,740.03,748.36,730.12,748.02,252.29K
7/4/2020,744.97,749.13,730.28,746.69,292.97K
6/4/2020,716.22,736.75,715.39,736.75,334.90K
3/4/2020,687.92,701.8,687.92,701.8,233.09K
1/4/2020,658.8,684.96,657.41,680.23,267.02K
31/03/2020,669.74,678.64,649.1,662.53,262.79K
30/03/2020,663.91,665.56,657.36,662.26,233.10K
27/03/2020,692.54,703.22,682.52,696.06,327.99K
26/03/2020,689,700.76,680.1,694.21,221.85K
25/03/2020,669.76,690.25,667.58,690.25,270.18K
24/03/2020,666.59,666.59,652.27,659.21,245.15K
23/03/2020,694.77,694.77,664.23,666.59,280.25K
20/03/2020,728.55,729.35,709.73,709.73,230.59K
19/03/2020,732.35,733.43,714.02,725.94,353.39K
18/03/2020,747.4,752.65,742.12,747.66,259.02K
17/03/2020,724.07,750.03,721.84,745.78,287.28K
16/03/2020,758.28,758.59,737.58,747.86,292.25K
13/03/2020,750.56,764.69,723.42,761.78,354.71K
12/3/2020,778.06,778.06,762.12,769.25,339.23K
11/3/2020,843.52,844.94,794.54,811.35,318.57K
10/3/2020,813.83,843.28,806.63,837.5,298.02K
9/3/2020,875.8,875.8,834.67,835.49,309.10K
6/3/2020,888.96,891.44,882.71,891.44,214.34K
5/3/2020,892.71,898.43,891.2,893.31,231.34K
4/3/2020,887.85,889.85,882.83,889.37,238.45K
3/3/2020,895.39,896.39,890.06,890.61,212.74K
2/3/2020,878.43,886.45,877.31,884.43,206.64K
28/02/2020,885.47,887.07,872.46,882.19,241.89K
27/02/2020,892.15,899.34,889.14,898.44,163.29K
26/02/2020,901.51,903.27,894.25,895.97,142.58K
25/02/2020,893.95,909.67,893.95,909.67,221.12K
24/02/2020,917.49,917.49,903.34,903.34,291.88K
21/02/2020,938.13,940.53,932.32,933.09,206.75K
20/02/2020,933.69,938.13,930.41,938.13,198.34K
19/02/2020,926.41,931.66,925.86,928.76,192.17K
18/02/2020,934.47,934.98,926.01,927.93,187.76K
17/02/2020,938.52,938.52,931.66,934.77,183.25K
14/02/2020,939.28,940.65,936.47,937.45,204.35K
13/02/2020,937.19,939.1,934.47,938.24,177.73K
12/2/2020,940.72,943.11,937.34,937.68,228.04K
11/2/2020,930.73,936.04,930.73,934.67,179.35K
10/2/2020,934.38,935.87,926.61,930.73,153.97K
7/2/2020,938.61,943.48,935.94,940.75,194.17K
6/2/2020,926.66,938.54,925.21,938.54,223.67K
5/2/2020,934.75,936.33,921.89,925.91,197.38K
4/2/2020,929.42,934.91,919.33,929.09,197.69K
3/2/2020,916.6,930.37,891.85,928.14,275.52K
31/01/2020,959.58,960.96,936.62,936.62,253.95K
30/01/2020,975.15,977.72,954,959.58,198.51K
22/01/2020,986.52,991.46,983.92,991.46,152.35K
21/01/2020,978.82,986.37,978.82,986.37,157.67K
20/01/2020,978.23,979.85,975.93,978.63,148.80K
17/01/2020,976.28,980.02,973.79,978.96,164.14K
16/01/2020,967.2,974.7,967.17,974.31,201.25K
15/01/2020,967.69,967.69,964.84,967.56,150.04K
14/01/2020,966.26,968.85,965.76,967,190.35K
13/01/2020,966.89,968.63,964.79,965.84,147.15K
10/1/2020,961.17,969.71,961.17,968.54,222.16K
9/1/2020,953.86,960.73,952.16,960.15,166.15K
8/1/2020,954.13,955.84,945.28,948.98,319.17K
7/1/2020,955.79,959.46,953.19,958.88,181.63K
6/1/2020,962.79,963.2,955.59,955.79,187.20K
3/1/2020,968.72,970.88,965.14,965.14,174.13K
2/1/2020,960.26,966.67,959.67,966.67,200.60K
31/12/2019,965.71,965.71,958.22,960.99,185.24K
30/12/2019,962.89,967.52,962.47,965.03,177.74K
27/12/2019,957.7,963.51,954.19,963.51,180.52K
26/12/2019,960.67,962.11,957.43,958.59,265.94K
25/12/2019,958.18,962.83,957.5,960.92,238.32K
24/12/2019,959.43,959.43,953.29,958.88,229.67K
23/12/2019,959.55,960.71,958.07,959.43,241.52K
20/12/2019,953.55,957.52,952.71,956.41,243.33K
19/12/2019,950.61,955.85,946.74,952.26,222.47K
18/12/2019,951.52,954.18,949.86,951.13,323.41K
17/12/2019,962.49,962.79,954.03,954.03,280.85K
16/12/2019,966,966,960.39,961.47,278.44K
13/12/2019,969.43,971.84,965.93,966.18,219.16K
12/12/2019,963.39,968.39,962.72,968.17,218.75K
11/12/2019,960.59,961.78,954.56,961.78,216.48K
10/12/2019,965.92,966.58,955.14,960.3,242.73K
9/12/2019,963.91,967.57,962.59,966.06,273.26K
6/12/2019,962.38,965.41,960.99,963.56,171.82K
5/12/2019,969,969.53,962.16,963.27,194.54K
4/12/2019,952.51,965.9,950.13,965.9,210.10K
3/12/2019,957.4,960.82,950.96,953.43,264.94K
2/12/2019,971.42,972.91,958.3,959.31,211.00K
29/11/2019,971.1,972.89,968.03,970.75,167.27K
28/11/2019,977.66,979.17,967.68,970.39,191.26K
27/11/2019,978.98,982.76,978.17,978.17,197.96K
26/11/2019,976.35,981.96,976.35,976.79,192.50K
25/11/2019,977.85,979.6,971.24,976.35,189.32K
22/11/2019,992.73,993.7,971.03,977.78,230.36K
21/11/2019,999.37,999.63,987.89,987.89,215.01K
20/11/2019,"1,009.21","1,009.21","1,000.56","1,000.56",210.31K
19/11/2019,"1,002.89","1,008.35","1,001.35","1,008.35",232.36K
18/11/2019,"1,010.03","1,012.09","1,002.63","1,002.91",184.31K
15/11/2019,"1,012.93","1,015.16","1,005.10","1,010.03",212.33K
14/11/2019,"1,013.85","1,016.71","1,010.60","1,012.30",209.40K
13/11/2019,"1,019.07","1,020.09","1,010.80","1,012.77",286.97K
12/11/2019,"1,016.97","1,021.84","1,015.97","1,018.33",223.16K
11/11/2019,"1,023.32","1,024.77","1,016.35","1,016.75",210.43K
8/11/2019,"1,026.98","1,027.39","1,021.11","1,022.49",181.37K
7/11/2019,"1,023.49","1,028.45","1,022.61","1,024.03",193.39K
6/11/2019,"1,023.43","1,028.97","1,023.42","1,024.91",225.00K
5/11/2019,"1,022.77","1,026.53","1,021.63","1,024.34",199.37K
4/11/2019,"1,019.00","1,023.92","1,015.86","1,022.43",232.79K
1/11/2019,998.82,"1,015.88",998.82,"1,015.59",241.34K
31/10/2019,"1,000.89","1,004.40",998.58,998.82,218.98K
30/10/2019,996.83,"1,003.40",994.86,"1,000.89",181.19K
29/10/2019,997.77,999.88,995.87,995.87,249.48K
28/10/2019,998.27,999.94,996.48,996.48,183.76K
25/10/2019,993.91,996.67,992.91,996.57,173.49K
24/10/2019,988.85,993.6,987.65,993.6,160.03K
23/10/2019,987.04,989.61,985.52,987.79,179.02K
22/10/2019,983.52,987.59,983.52,987.19,231.65K
21/10/2019,988.18,988.82,983.56,983.56,200.33K
18/10/2019,992,993.03,988.41,989.2,174.42K
17/10/2019,995.04,995.81,989.82,989.82,191.55K
16/10/2019,995.75,997.41,993.42,994.46,188.13K
15/10/2019,993.55,994.75,990.74,993.05,179.97K
14/10/2019,994.61,997.25,992.5,993.57,193.98K
11/10/2019,988.57,991.84,987.62,991.84,168.61K
10/10/2019,988.81,990.89,986.93,987.38,182.98K
9/10/2019,987.82,992,986.74,987.83,182.54K
8/10/2019,983.62,988.51,981.89,988.22,178.38K
7/10/2019,989.45,990.34,983.09,983.09,178.90K
4/10/2019,993.69,994.81,987.59,987.59,205.01K
3/10/2019,985.65,992.45,983.35,989.67,140.12K
2/10/2019,999.18,"1,000.93",989.63,991.19,178.78K
1/10/2019,997.87,999.72,996.2,999.59,210.25K
30/09/2019,999.92,"1,004.17",996.51,996.56,176.22K
27/09/2019,992.26,998.34,991.5,997.84,180.74K
26/09/2019,988.7,991.66,986.35,990.75,152.56K
25/09/2019,985.96,989.18,983.06,987.3,171.57K
24/09/2019,986.33,991.36,984.94,988.13,165.04K
23/09/2019,991.75,993.98,985.75,985.75,207.51K
20/09/2019,997.6,998.56,990.36,990.36,203.60K
19/09/2019,995.49,997.2,990.55,997.1,186.92K
18/09/2019,995.75,998.4,993.94,995.15,191.04K
17/09/2019,990.06,996.74,986.96,996.74,231.44K
16/09/2019,987.07,992.6,986.72,989.86,187.15K
13/09/2019,976.07,987.22,975.95,987.22,189.23K
12/9/2019,972.39,976.07,972.31,976.07,141.32K
11/9/2019,969.59,973.13,967.14,969.31,154.51K
10/9/2019,974.62,977.44,968.36,970.26,161.45K
9/9/2019,974.53,975.03,972.47,974.12,155.33K
6/9/2019,977.83,978.73,973.87,974.08,161.16K
5/9/2019,979.83,981.67,976.79,976.79,159.54K
4/9/2019,977.97,979.91,973.37,977.63,157.39K
3/9/2019,984.79,985.21,978.62,979.36,186.48K
30/08/2019,980.25,984.87,980.25,984.06,143.16K
29/08/2019,978.17,978.78,973.34,978.59,138.39K
28/08/2019,977.1,981.35,977.1,977.26,147.21K
27/08/2019,986.33,988.49,976.79,976.79,199.81K
26/08/2019,983.8,984.61,977,982.88,189.79K
23/08/2019,998.21,998.21,990.83,992.45,162.57K
22/08/2019,996.41,998.67,993.23,997.26,153.00K
21/08/2019,984.36,995.44,983.3,994.38,201.56K
20/08/2019,983.94,985.35,981.75,984.67,177.94K
19/08/2019,984.04,985.48,979.17,981.03,158.09K
16/08/2019,974.88,985.61,974.88,980,198.01K
15/08/2019,958.05,979.38,955.76,979.38,182.91K
14/08/2019,975.88,975.99,968.91,968.91,151.49K
13/08/2019,972.7,973.09,964.03,966.83,181.50K
12/8/2019,975.38,977.63,973.22,975.31,174.55K
9/8/2019,976.41,978.69,974.33,974.34,192.31K
8/8/2019,965.93,975.83,964.21,975.24,219.24K
7/8/2019,967.18,971.96,961.64,965.93,219.15K
6/8/2019,960.29,966.15,958.39,964.61,210.93K
5/8/2019,988.6,988.99,973.15,973.15,195.93K
2/8/2019,987.55,991.39,985.69,991.1,186.79K
1/8/2019,993.25,997.39,990.88,997.39,222.66K
31/07/2019,986,993.4,982.64,991.66,172.88K
30/07/2019,"1,001.46","1,002.77",986.02,986.02,154.32K
29/07/2019,994.23,997.94,988.29,997.94,147.83K
26/07/2019,994.8,998.52,992.97,993.35,152.41K
25/07/2019,986.85,997.49,986.85,994.95,171.79K
24/07/2019,993.01,994.85,986.34,988.41,169.64K
23/07/2019,981.38,990.45,980.22,989.46,184.83K
22/07/2019,981.17,985.13,980.08,982.04,164.37K
19/07/2019,978.12,986.12,978.12,982.34,170.27K
18/07/2019,979.16,979.49,975.01,976.05,139.85K
17/07/2019,981.49,985.59,979.05,982.57,170.02K
16/07/2019,975.05,982.11,975.05,982.11,174.67K
15/07/2019,975.57,975.66,970.93,972.53,150.55K
12/7/2019,980.11,982.1,974.32,975.4,157.31K
11/7/2019,976.95,980.02,975.03,978.63,161.66K
10/7/2019,971.19,974.96,971.19,973.65,154.56K
9/7/2019,965.24,969.05,963.05,969.05,169.48K
8/7/2019,972.83,972.83,963.84,966.35,165.88K
5/7/2019,973.04,975.34,970.16,975.34,137.92K
4/7/2019,961.78,973.04,961.65,973.04,189.90K
3/7/2019,960.44,961.67,956.91,960.39,136.59K
2/7/2019,964.77,966.76,959.8,961.98,138.22K
1/7/2019,958.92,965.61,957.66,965.61,166.45K
28/06/2019,944.53,949.94,939.12,949.94,182.63K
27/06/2019,959.48,959.48,943.11,943.11,159.03K
26/06/2019,960.13,962.7,958.38,959.13,252.32K
25/06/2019,961.19,963.23,960.06,960.13,164.35K
24/06/2019,960.29,967.11,959.8,962.85,150.30K
21/06/2019,962.69,964.52,959.12,959.2,206.14K
20/06/2019,949.48,962.33,948.97,959.18,185.49K
19/06/2019,948.92,950.04,946.83,949.69,147.36K
18/06/2019,945.73,947.3,938.95,944.01,166.94K
17/06/2019,953.97,955.18,944.47,946.95,174.37K
14/06/2019,948.65,954.7,948.65,953.61,155.88K
13/06/2019,951.26,952.06,946.29,950.08,142.81K
12/6/2019,960.6,960.6,953.83,954.17,138.11K
11/6/2019,962.43,964.81,959.98,962.07,136.38K
10/6/2019,963.78,966.9,958.6,962.9,154.90K
7/6/2019,951.64,958.28,950.94,958.28,148.04K
6/6/2019,951.41,951.41,939.35,948.21,125.90K
5/6/2019,955.8,958.39,951.39,951.41,131.58K
4/6/2019,945.62,951.42,943.21,951.16,162.40K
3/6/2019,953.58,955.78,940.28,946.47,184.66K
31/05/2019,968.53,969.94,959.88,959.88,136.53K
30/05/2019,971.01,974.56,967.21,969.34,159.99K
29/05/2019,973.31,974.96,969.55,971.54,145.31K
28/05/2019,977.02,978.8,969.51,972,148.99K
27/05/2019,970.73,975.4,970.41,975.14,138.47K
24/05/2019,976.59,983.14,970.03,970.03,168.34K
23/05/2019,982,984.57,977.17,982.71,160.09K
22/05/2019,986.66,992.26,982.68,983.78,174.96K
21/05/2019,989.67,992.84,986.07,986.29,206.56K
20/05/2019,975.95,987.13,974.47,987.13,153.16K
17/05/2019,977.85,980.04,974.91,976.48,135.09K
16/05/2019,976.96,981.22,975.69,975.69,170.22K
15/05/2019,967.95,977.65,967.95,975.64,188.85K
14/05/2019,952.13,965.34,952.13,965.34,158.18K
13/05/2019,952.11,958.54,951.76,958.54,232.04K
10/5/2019,950.37,953.92,947.85,952.55,131.03K
9/5/2019,950.66,953.66,944.91,947.01,181.40K
8/5/2019,950.1,953.88,947.86,951.22,143.30K
7/5/2019,961.31,965.61,955.42,957.56,145.34K
6/5/2019,964.37,964.89,955.41,957.97,155.65K
